SiteId,SiteName,County,Township,TWD67Lon,TWD67Lat,Rainfall10min,Rainfall1hr,Rainfall3hr,Rainfall6hr,Rainfall12hr,Rainfall24hr,Now,Unit,PublishTime
CM0170,國三林內,雲林縣,林內鄉,120.6253,23.7753,3.5,4,7.5,7.5,15.5,15.5,15.5,局屬無人測站,2019-05-01 07:40:00
CM0160,南投服務,南投縣,南投市,120.7041,23.9025,8,38,38,43.5,43.5,43.5,43.5,局屬無人測站,2019-05-01 07:40:00
CM0150,水試所知,臺東縣,臺東市,121.0747,22.7042,0,0,0,1.5,1.5,1.5,1.5,局屬無人測站,2019-05-01 07:40:00
CM0140,水試所成,臺東縣,成功鎮,121.3753,23.1014,0,0,0,0,0,0,0,局屬無人測站,2019-05-01 07:40:00
CM0130,水試所七,臺南市,七股區,120.0716,23.1226,0,0,0,4.5,15,15,15,局屬無人測站,2019-05-01 07:40:00
CM0120,水試所臺,雲林縣,臺西鄉,120.1837,23.7184,1.5,10,10,10,10,10,10,局屬無人測站,2019-05-01 07:40:00
CM0110,水試所鹿,彰化縣,鹿港鎮,120.4288,24.0910,0,0,24.5,24.5,24.5,29,24.5,局屬無人測站,2019-05-01 07:40:00
11Q340,恆春工作,屏東縣,車城鄉,120.7064,22.0815,1,2.3,4,4,4,4,4,中央氣象局,2019-05-01 07:40:00
11J560,口湖工作,雲林縣,口湖鄉,120.1723,23.5917,0,0,1.5,1.5,1.5,1.5,1.5,中央氣象局,2019-05-01 07:40:00
11Q730,東港工作,屏東縣,東港鎮,120.4580,22.4818,0,0,0.4,22.8,22.8,22.8,22.8,中央氣象局,2019-05-01 07:40:00
41H240,萬大發電,南投縣,仁愛鄉,121.1315,23.9806,2.9,9.2,9.2,13.4,13.7,30.7,13.4,中央氣象局,2019-05-01 07:40:00
72N240,七股研究,臺南市,七股區,120.0548,23.0835,0,0,0,4,29.5,29.5,29.5,中央氣象局,2019-05-01 07:40:00
72M700,嘉義分場,嘉義縣,鹿草鄉,120.2749,23.4186,0.5,2,6,8,8,8,8,中央氣象局,2019-05-01 07:40:00
G2F820,農業試驗,臺中市,霧峰區,120.6800,24.0330,0,13.5,21,21.5,23,23,23,中央氣象局,2019-05-01 07:40:00
E2K600,四湖植物,雲林縣,四湖鄉,120.1553,23.6787,4,8.5,9.5,10,10.5,10.5,10.5,中央氣象局,2019-05-01 07:40:00
G2M350,溪口農場,嘉義縣,溪口鄉,120.4000,23.5874,0,0,0,2,2,2,2,中央氣象局,2019-05-01 07:40:00
U2H380,臺大內茅,南投縣,信義鄉,120.8430,23.6915,0,0,0,0.5,0.5,0.5,0.5,中央氣象局,2019-05-01 07:40:00
U2H370,臺大和社,南投縣,信義鄉,120.8807,23.5926,0,3.5,5,16.5,16.5,16.5,16.5,中央氣象局,2019-05-01 07:40:00
72HA00,埔里分場,南投縣,魚池鄉,120.9552,23.9050,2.5,15,15,26.5,27.5,32.5,27.5,中央氣象局,2019-05-01 07:40:00
E2H360,蓮華池,南投縣,魚池鄉,120.8771,23.9201,6,26,26.5,33,34,34,34,中央氣象局,2019-05-01 07:40:00
C1M640,十字,嘉義縣,阿里山鄉,120.7456,23.4939,0.5,5.5,6.5,19,19,20,19,局屬無人測站,2019-05-01 07:40:00
C0C710,大溪永福,桃園市,大溪區,121.3168,24.8947,0.5,2,24.5,37,37,37,37,局屬無人測站,2019-05-01 07:40:00
81V840,新發國小,高雄市,六龜區,120.6544,23.0343,0,0.5,0.5,36,36,39,36,農委會水土保持局,2019-05-01 07:40:00
C0V820,小林,高雄市,甲仙區,120.6252,23.1502,0,0,7.5,31,31,31,31,局屬無人測站,2019-05-01 07:40:00
C0AI20,白沙灣,新北市,石門區,121.5108,25.2849,0.5,0.5,4.5,56,71,71,70.5,局屬無人測站,2019-05-01 07:40:00
81D670,田埔分校,新竹縣,尖石鄉,121.2704,24.6432,0.5,8,43.5,45.5,45.5,45.5,45.5,農委會水土保持局,2019-05-01 07:40:00
88F920,松鶴,臺中市,和平區,120.9702,24.1807,4,13,22,28,31.5,31.5,28.5,農委會水土保持局,2019-05-01 07:40:00
C0S910,蘭嶼燈塔,臺東縣,蘭嶼鄉,121.4871,22.0849,0,0,0,0,0,0,0,局屬無人測站,2019-05-01 07:40:00
C0S900,蘭嶼高中,臺東縣,蘭嶼鄉,121.5041,22.0509,0,0,0,0,0,0,0,局屬無人測站,2019-05-01 07:40:00
C0B020,基隆嶼,基隆市,中正區,121.7757,25.1932,0.5,1.5,16.5,39.5,40,42,40,局屬無人測站,2019-05-01 07:40:00
C0AI10,屈尺,新北市,新店區,121.5365,24.9236,1,3.5,20,26.5,27,27,26.5,局屬無人測站,2019-05-01 07:40:00
CAHA00,消防署訓,南投縣,竹山鎮,120.7148,23.8231,2.5,7.5,9,10.5,12.5,12.5,12.5,局屬無人測站,2019-05-01 07:40:00
C0R650,竹田,屏東縣,竹田鄉,120.5354,22.5866,0,0,5.5,23.5,23.5,23.5,23.5,局屬無人測站,2019-05-01 07:40:00
C0R640,東港,屏東縣,東港鎮,120.4327,22.4642,0,0,0.5,12.5,12.5,12.5,12.5,局屬無人測站,2019-05-01 07:40:00
C1R630,龍泉,屏東縣,內埔鄉,120.5829,22.6688,0,0,2,14,14,14,14,局屬無人測站,2019-05-01 07:40:00
C1TA00,太魯閣,花蓮縣,秀林鄉,121.6154,24.1595,0.5,5.5,6,6,6,6,6,局屬無人測站,2019-05-01 07:40:00
88S950,大鳥,臺東縣,大武鄉,120.9022,22.3848,0,0,2,4,4,4,4,農委會水土保持局,2019-05-01 07:40:00
C0C690,國一五楊,桃園市,龜山區,121.3328,25.0656,0.5,3,13.5,40.5,45,45,45,局屬無人測站,2019-05-01 07:40:00
C0AI00,五股,新北市,五股區,121.4191,25.0762,0.5,4.5,12,34.5,36.5,36.5,36.5,局屬無人測站,2019-05-01 07:40:00
C0B010,七堵,基隆市,七堵區,121.7089,25.0966,0,4.5,26,39.5,40,0,40,局屬無人測站,2019-05-01 07:40:00
C0Z330,安通山,花蓮縣,玉里鎮,121.3404,23.2925,0,0,0,0,0,0,0,局屬無人測站,2019-05-01 07:40:00
C0Z320,清水林道,花蓮縣,卓溪鄉,121.1802,23.2730,0,0,0,0.5,0.5,0.5,0.5,局屬無人測站,2019-05-01 07:40:00
C0UA50,西帽山,宜蘭縣,南澳鄉,121.7944,24.5572,2.5,14,20.5,21.5,21.5,22,21.5,局屬無人測站,2019-05-01 07:40:00
C0UA40,西德山,宜蘭縣,南澳鄉,121.7444,24.5624,2,10,20,20,20.5,21,20,局屬無人測站,2019-05-01 07:40:00
C0UA30,白嶺,宜蘭縣,大同鄉,121.5108,24.5296,2,8.5,15,15.5,15.5,15.5,15.5,局屬無人測站,2019-05-01 07:40:00
C0UA70,桃源谷,宜蘭縣,頭城鎮,121.8807,24.9644,0.5,1,15.5,20.5,22,24.5,21.5,局屬無人測站,2019-05-01 07:40:00
C0UA60,樟樹山,宜蘭縣,南澳鄉,121.7751,24.4157,1,6,8.5,9,9,9,9,局屬無人測站,2019-05-01 07:40:00
C0Z310,清水斷崖,花蓮縣,秀林鄉,121.6810,24.2201,0,1.5,1.5,1.5,1.5,1.5,1.5,局屬無人測站,2019-05-01 07:40:00
C0AH90,福山植物,新北市,烏來區,121.5731,24.7625,0,4,22,22.5,22.5,22.5,22.5,局屬無人測站,2019-05-01 07:40:00
120570,嘉南水利,臺南市,學甲區,120.1627,23.2350,0,1,1,1,0,0,6,農田水利會,2019-05-01 07:40:00
72T250,花蓮農改,花蓮縣,吉安鄉,121.5558,23.9770,1.5,3.5,4,4,4,4,4,中央氣象局,2019-05-01 07:40:00
B2Q810,恆春畜試,屏東縣,恆春鎮,120.7941,21.9473,0,0.5,22.5,22.5,22.5,22.5,22.5,中央氣象局,2019-05-01 07:40:00
G2P820,鳳山農試,高雄市,鳳山區,120.3480,22.6484,0,0,4.5,32,32,32,32,中央氣象局,2019-05-01 07:40:00
B2N890,畜試所,臺南市,新化區,120.3283,23.0607,0,0,0,20.5,31.5,31.5,31.5,中央氣象局,2019-05-01 07:40:00
72M360,義竹分場,嘉義縣,義竹鄉,120.2712,23.3624,0,3.5,8,8,16.5,16.5,16.5,中央氣象局,2019-05-01 07:40:00
G2L020,嘉義農試,嘉義市,東區,120.4657,23.4868,0,1.5,8.5,11.5,11.5,11.5,11.5,中央氣象局,2019-05-01 07:40:00
U2H140,臺大竹山,南投縣,竹山鎮,120.6734,23.7587,0,0.5,1.5,3.5,0,0,12.5,中央氣象局,2019-05-01 07:40:00
82H320,魚池茶改,南投縣,魚池鄉,120.9054,23.8774,1.5,11.5,11.5,17.5,19,19,19,中央氣象局,2019-05-01 07:40:00
82H840,凍頂茶改,南投縣,鹿谷鄉,120.7324,23.7643,0,0,0.5,3,8.5,8.5,8.5,中央氣象局,2019-05-01 07:40:00
K2F750,種苗繁殖,臺中市,新社區,120.7928,24.2277,0.5,1,21.5,28.5,29.5,29.5,29.5,中央氣象局,2019-05-01 07:40:00
K2E710,大湖分場,苗栗縣,大湖鄉,120.8637,24.4246,0,0.5,41,46,46.5,46.5,46.5,中央氣象局,2019-05-01 07:40:00
K2E360,苗栗農改,苗栗縣,公館鄉,120.8209,24.4975,0,0.5,50.5,55.5,61.5,61.5,61.5,中央氣象局,2019-05-01 07:40:00
72U480,蘭陽分場,宜蘭縣,三星鄉,121.7084,24.6881,0.5,6.5,16.5,16.5,16.5,16.5,16.5,中央氣象局,2019-05-01 07:40:00
82A750,文山茶改,新北市,石碇區,121.6230,24.9576,0,4.5,17.5,24.5,28,30,24.5,中央氣象局,2019-05-01 07:40:00
A2C560,農工中心,桃園市,中壢區,121.2316,24.9877,0,4.5,18,50,52,52,52,中央氣象局,2019-05-01 07:40:00
82C160,茶改場,桃園市,楊梅區,121.1771,24.9103,0.5,4,19.5,55,56.5,56.5,56.5,中央氣象局,2019-05-01 07:40:00
72D080,五峰站,新竹縣,五峰鄉,121.1490,24.6140,0,2,52.5,54,54,54,54,中央氣象局,2019-05-01 07:40:00
72C440,桃園農改,桃園市,新屋區,121.0224,24.9527,0,3.5,8.5,52,68,68,66,中央氣象局,2019-05-01 07:40:00
B2E890,新竹畜試,苗栗縣,西湖鄉,120.7628,24.5296,0.5,1,40.5,51,52.5,52.5,52,中央氣象局,2019-05-01 07:40:00
72Q010,高雄農改,屏東縣,長治鄉,120.5178,22.7111,0,0,1.5,14.5,15,15,15,中央氣象局,2019-05-01 07:40:00
72V140,旗南農改,高雄市,旗山區,120.5086,22.8596,0,0,2,3.5,4,4,4,中央氣象局,2019-05-01 07:40:00
72N100,臺南農改,臺南市,新化區,120.3341,23.0622,0,0,0.5,22,33,33,33,中央氣象局,2019-05-01 07:40:00
72K220,雲林農改,雲林縣,斗南鎮,120.4692,23.6363,0,0,0.5,1,1.5,1.5,1.5,中央氣象局,2019-05-01 07:40:00
72G600,臺中農改,彰化縣,大村鄉,120.5262,24.0048,0,20,44,44,44.5,44.5,44.5,中央氣象局,2019-05-01 07:40:00
U2H480,臺大溪頭,南投縣,鹿谷鄉,120.7901,23.6721,0,0,0,1,1.5,1.5,1.5,中央氣象局,2019-05-01 07:40:00
82S580,臺東茶改,臺東縣,鹿野鄉,121.1221,22.9095,0,0,0,0,0,0,0,中央氣象局,2019-05-01 07:40:00
72S590,賓朗果園,臺東縣,卑南鄉,121.0632,22.8157,0,0,0,1,1,1,1,中央氣象局,2019-05-01 07:40:00
72S200,斑鳩分場,臺東縣,卑南鄉,121.0696,22.8313,0,0,0,1,1,1,1,中央氣象局,2019-05-01 07:40:00
A0A010,臺灣大學,臺北市,大安區,121.5312,25.0161,0.5,4.5,16.5,28,28,28,28,中央氣象局,2019-05-01 07:40:00
C0C700,中壢,桃園市,中壢區,121.2482,24.9794,0,4,15.5,42.5,44,44,44,局屬無人測站,2019-05-01 07:40:00
C0I530,小奇萊,南投縣,仁愛鄉,121.2876,24.1336,0.5,12,32.5,39,47.5,51.5,39.5,局屬無人測站,2019-05-01 07:40:00
C0F0E0,南湖圈谷,臺中市,和平區,121.4365,24.3655,1,9,15.5,20,20.5,20.5,20.5,局屬無人測站,2019-05-01 07:40:00
C0F0D0,審馬陣,臺中市,和平區,121.4121,24.3835,1.5,8,13.5,16.5,17,17,17,局屬無人測站,2019-05-01 07:40:00
C0Z300,東里,花蓮縣,富里鄉,121.2974,23.2703,0,0,0,0,0,0,0,局屬無人測站,2019-05-01 07:40:00
C0Z290,赤柯山,花蓮縣,玉里鎮,121.3748,23.3707,0,0,0,0,0,0,0,局屬無人測站,2019-05-01 07:40:00
C0Z280,德武,花蓮縣,玉里鎮,121.4026,23.4761,0,0,0,0,0,0,0,局屬無人測站,2019-05-01 07:40:00
C0Z250,瑞穗林道,花蓮縣,卓溪鄉,121.2988,23.4946,0,0,0,0,0,0,0,局屬無人測站,2019-05-01 07:40:00
C1Z240,中平林道,花蓮縣,卓溪鄉,121.2595,23.4229,0,0,0,0,0,0,0,局屬無人測站,2019-05-01 07:40:00
C0Z230,和平,花蓮縣,秀林鄉,121.7619,24.3090,0.5,5,5.5,5.5,6.5,6.5,5.5,局屬無人測站,2019-05-01 07:40:00
C0Z220,和平林道,花蓮縣,秀林鄉,121.6481,24.3457,1.5,9,11,11,11,11,11,局屬無人測站,2019-05-01 07:40:00
C0Z210,瑞穗,花蓮縣,瑞穗鄉,121.3821,23.5257,0,0,0,0,0,0,0,局屬無人測站,2019-05-01 07:40:00
C0UA20,多加屯,宜蘭縣,大同鄉,121.3650,24.3704,1,7,13,15,15,15,15,局屬無人測站,2019-05-01 07:40:00
C0UA10,鴛鴦湖,宜蘭縣,大同鄉,121.4040,24.5921,0.5,6,19.5,20,20,20,20,局屬無人測站,2019-05-01 07:40:00
C0UA00,土場,宜蘭縣,大同鄉,121.4872,24.5784,1.5,7,16.5,16.5,16.5,16.5,16.5,局屬無人測站,2019-05-01 07:40:00
C0U990,員山,宜蘭縣,員山鄉,121.7143,24.7461,0.5,4,18.5,18.5,18.5,25,18.5,局屬無人測站,2019-05-01 07:40:00
C0U980,坪林石牌,宜蘭縣,頭城鎮,121.7658,24.8666,0,0.5,21.5,23.5,24,30,23.5,局屬無人測站,2019-05-01 07:40:00
C0U970,大福,宜蘭縣,壯圍鄉,121.8057,24.8024,0,3,13.5,14,14,24,14,局屬無人測站,2019-05-01 07:40:00
C0U960,翠峰湖,宜蘭縣,大同鄉,121.5999,24.5127,1,4,9,9.5,9.5,9.5,9.5,局屬無人測站,2019-05-01 07:40:00
C0U950,鶯子嶺,宜蘭縣,頭城鎮,121.7842,24.8993,0,1.5,19.5,23.5,24,27.5,23.5,局屬無人測站,2019-05-01 07:40:00
C0U940,羅東,宜蘭縣,羅東鎮,121.7411,24.6836,0.5,6.5,16,16,16,16,16,局屬無人測站,2019-05-01 07:40:00
88T920,大興,花蓮縣,光復鄉,121.3897,23.6337,0,0,0,0,0,0,0,農委會水土保持局,2019-05-01 07:40:00
CAAH60,大安森林,臺北市,大安區,121.5281,25.0313,0.5,5,13.5,23,23,23,23,局屬無人測站,2019-05-01 07:40:00
88K590,華山,雲林縣,古坑鄉,120.5888,23.5970,0,0,0,6,7,7,7,農委會水土保持局,2019-05-01 07:40:00
88U940,寒溪,宜蘭縣,大同鄉,121.6788,24.6110,0.5,7,13.5,13.5,13.5,13.5,13.5,農委會水土保持局,2019-05-01 07:40:00
C0K580,高鐵雲林,雲林縣,虎尾鎮,120.4098,23.7392,14.5,17.5,23.5,23.5,32.5,32.5,32.5,局屬無人測站,2019-05-01 07:40:00
C0G760,高鐵彰化,彰化縣,田中鎮,120.5665,23.8770,1.5,40.5,42.5,42.5,47,47,47,局屬無人測站,2019-05-01 07:40:00
C0E870,高鐵苗栗,苗栗縣,後龍鎮,120.8179,24.6090,1,3.5,31.5,58,58,58,58,局屬無人測站,2019-05-01 07:40:00
C0AH80,深坑,新北市,深坑區,121.6201,25.0045,1,4.5,23,35,35,35,35,局屬無人測站,2019-05-01 07:40:00
A0A460,文化大學,臺北市,士林區,121.5317,25.1379,0.5,3.8,12.8,34.5,0,0,37.5,中央氣象局,2019-05-01 07:40:00
A0C410,中央大學,桃園市,中壢區,121.1769,24.9695,0,6.5,20.5,50,53.5,53.5,53.5,中央氣象局,2019-05-01 07:40:00
C0F0C0,中坑,臺中市,和平區,120.8952,24.2503,0,13,29,39,40.5,40.5,40.5,局屬無人測站,2019-05-01 07:40:00
C0W170,東引,連江縣,東引鄉,120.4753,26.3605,0,0,1,7,18,26,7.5,局屬無人測站,2019-05-01 07:40:00
C0Z270,蕃薯寮,花蓮縣,壽豐鄉,121.5320,23.7402,0,0,0,0,0,0,0,局屬無人測站,2019-05-01 07:40:00
C0Z200,萬榮,花蓮縣,鳳林鎮,121.4120,23.7110,0,0,0,0,0,0,0,局屬無人測站,2019-05-01 07:40:00
01AD90,覽勝橋,新北市,烏來區,121.5432,24.8641,0,5,20,23,32,33,23,水利署第10河川局,2019-05-01 07:40:00
C0Z190,富世,花蓮縣,秀林鄉,121.6215,24.1492,1,4.5,5,5,5,5,5,局屬無人測站,2019-05-01 07:40:00
C0Z180,新城,花蓮縣,新城鄉,121.5964,24.0413,1,4.5,5,5,5,5,5,局屬無人測站,2019-05-01 07:40:00
C1U920,思源,宜蘭縣,大同鄉,121.3390,24.3949,0.5,4.5,9.5,11,11,11,11,局屬無人測站,2019-05-01 07:40:00
C0U910,冬山,宜蘭縣,冬山鄉,121.7855,24.6355,1,9,17.5,17.5,17.5,17.5,17.5,局屬無人測站,2019-05-01 07:40:00
C0Z170,卓溪,花蓮縣,卓溪鄉,121.2952,23.3460,0,0,0,0,0,0,0,局屬無人測站,2019-05-01 07:40:00
C0Z160,鳳林,花蓮縣,鳳林鎮,121.4453,23.7479,0,0,0,0,0,0,0,局屬無人測站,2019-05-01 07:40:00
C0Z150,吉安光華,花蓮縣,吉安鄉,121.5870,23.9327,1.5,2.5,2.5,2.5,2.5,2.5,2.5,局屬無人測站,2019-05-01 07:40:00
C0U860,頭城,宜蘭縣,頭城鎮,121.8226,24.8550,0,1.5,24,25,25,33,25,局屬無人測站,2019-05-01 07:40:00
C0U900,內城,宜蘭縣,員山鄉,121.6795,24.7199,0,5.5,15.5,15.5,15.5,17,15.5,局屬無人測站,2019-05-01 07:40:00
C0U890,三星,宜蘭縣,三星鄉,121.6448,24.6699,0.5,5,13.5,14,14.5,15,14.5,局屬無人測站,2019-05-01 07:40:00
C1Z140,荖溪,花蓮縣,秀林鄉,121.4515,23.8924,1,2,2.5,3,3,3,3,局屬無人測站,2019-05-01 07:40:00
C1Z130,銅門,花蓮縣,秀林鄉,121.4847,23.9675,1.5,4.5,6.5,7,7,7,7,局屬無人測站,2019-05-01 07:40:00
C1Z120,壽豐,花蓮縣,壽豐鄉,121.4999,23.8727,0.5,1.5,2,2,2,2,2,局屬無人測站,2019-05-01 07:40:00
C1Z110,三棧,花蓮縣,秀林鄉,121.5968,24.1174,1,4.5,6,6.5,7,7,6.5,局屬無人測站,2019-05-01 07:40:00
C1U880,北關,宜蘭縣,頭城鎮,121.8637,24.9083,0,0,13,15.5,15.5,16,15.5,局屬無人測站,2019-05-01 07:40:00
C0U870,大礁溪,宜蘭縣,礁溪鄉,121.6668,24.7928,0,1,16,17,17,19,17,局屬無人測站,2019-05-01 07:40:00
C0U720,南山,宜蘭縣,大同鄉,121.3733,24.4392,0.5,5,7.5,7.5,7.5,7.5,7.5,局屬無人測站,2019-05-01 07:40:00
C0AH70,松山,臺北市,松山區,121.5422,25.0505,0.5,5.5,20,32.5,33,33,33,局屬無人測站,2019-05-01 07:40:00
C0W160,烏坵,金門縣,烏坵鄉,119.4413,24.9961,0,0,0.5,0.5,5,5,0.5,局屬無人測站,2019-05-01 07:40:00
C0W150,金寧,金門縣,金寧鄉,118.3208,24.4593,0,0,0,0,0,2.5,0,局屬無人測站,2019-05-01 07:40:00
C0W140,金沙,金門縣,金沙鎮,118.4006,24.4899,0,0,0.5,0.5,0.5,5,0.5,局屬無人測站,2019-05-01 07:40:00
81C720,嘎色鬧分,桃園市,復興區,121.3165,24.7771,1,7,41,46,46,46.5,46,農委會水土保持局,2019-05-01 07:40:00
81S920,金峰鄉公,臺東縣,金峰鄉,120.9529,22.6004,0,0,0,2,2,2,2,農委會水土保持局,2019-05-01 07:40:00
81T900,卓溪國小,花蓮縣,卓溪鄉,121.2952,23.3476,0,0,0,0,0,0,0,農委會水土保持局,2019-05-01 07:40:00
81T890,瑞北國小,花蓮縣,瑞穗鄉,121.3680,23.5274,0,0,0,0,0,0,0,農委會水土保持局,2019-05-01 07:40:00
81T880,石梯坪,花蓮縣,豐濱鄉,121.5033,23.4849,0,0,0,0,0,0,0,農委會水土保持局,2019-05-01 07:40:00
81T860,山興分校,花蓮縣,鳳林鎮,121.4894,23.7296,0,0,0,0,0,0,0,農委會水土保持局,2019-05-01 07:40:00
81T850,溪口國小,花蓮縣,壽豐鄉,121.4652,23.8215,0,0,0,0,0.5,0.5,0,農委會水土保持局,2019-05-01 07:40:00
81U910,永樂國小,宜蘭縣,蘇澳鎮,121.8360,24.5777,2.5,15,19.5,19.5,22,22,19.5,農委會水土保持局,2019-05-01 07:40:00
81U890,大里國小,宜蘭縣,頭城鎮,121.9179,24.9721,0,3,20.5,24,24.5,26.5,24,農委會水土保持局,2019-05-01 07:40:00
81R660,內獅國小,屏東縣,獅子鄉,120.6367,22.3068,0,0.5,3,3.5,3.5,3.5,3.5,農委會水土保持局,2019-05-01 07:40:00
81V830,那瑪夏國,高雄市,那瑪夏區,120.6886,23.2422,0,0,1,7,7,7,7,農委會水土保持局,2019-05-01 07:40:00
81M690,沄水國小,嘉義縣,中埔鄉,120.5225,23.3832,0,0,0,4.5,6.5,6.5,6.5,農委會水土保持局,2019-05-01 07:40:00
81M680,太和村,嘉義縣,梅山鄉,120.7008,23.5373,0,5.5,5.5,25,25,26.5,25,農委會水土保持局,2019-05-01 07:40:00
81H990,羅娜國小,南投縣,信義鄉,120.8624,23.6301,0,0,1,4,4,4,4,農委會水土保持局,2019-05-01 07:40:00
81H980,車籠埔,南投縣,竹山鎮,120.7027,23.7954,0,2,2,4,9,9,9,農委會水土保持局,2019-05-01 07:40:00
81H970,永興國小,南投縣,水里鄉,120.8556,23.7866,1.5,5,5,8,9,9,9,農委會水土保持局,2019-05-01 07:40:00
81H960,北港國小,南投縣,國姓鄉,120.9032,24.0584,1,26.5,31,35,35.5,35.5,35.5,農委會水土保持局,2019-05-01 07:40:00
81H950,福龜國小,南投縣,國姓鄉,120.8143,24.0133,0,18.5,20,24.5,24.5,24.5,24.5,農委會水土保持局,2019-05-01 07:40:00
81H940,人和國小,南投縣,水里鄉,120.8886,23.7807,0,0,0,2,3,3,3,農委會水土保持局,2019-05-01 07:40:00
81H930,玉峰國小,南投縣,水里鄉,120.8295,23.8074,0,1.5,1.5,7.5,9,9,9,農委會水土保持局,2019-05-01 07:40:00
81H920,德化國小,南投縣,魚池鄉,120.9272,23.8505,0,4,4,9.5,11,12.5,11,農委會水土保持局,2019-05-01 07:40:00
81H910,平林國小,南投縣,草屯鎮,120.7544,23.9945,0,18,18.5,21.5,22,22,22,農委會水土保持局,2019-05-01 07:40:00
81H900,大觀發電,南投縣,水里鄉,120.8614,23.8563,0,7.5,7.5,12,13,13,13,農委會水土保持局,2019-05-01 07:40:00
81F910,達觀國小,臺中市,和平區,120.9121,24.3354,0,30,55,59.5,59.5,59.5,59.5,農委會水土保持局,2019-05-01 07:40:00
81F900,峰谷國小,臺中市,霧峰區,120.7163,24.0370,3,23,24.5,26.5,27,27,27,農委會水土保持局,2019-05-01 07:40:00
81F890,坪廓分校,臺中市,太平區,120.7485,24.1584,0,40,63.5,68.5,72,72,72,農委會水土保持局,2019-05-01 07:40:00
81F880,中坑國小,臺中市,和平區,120.8718,24.2382,0,13.5,24.5,35.5,36.5,36.5,36.5,農委會水土保持局,2019-05-01 07:40:00
81E720,慈惠堂,苗栗縣,銅鑼鄉,120.7821,24.4493,0,1,46.5,48.5,55,55,55,農委會水土保持局,2019-05-01 07:40:00
81E710,開礦國小,苗栗縣,公館鄉,120.8557,24.4634,0,2.5,41.5,45,45,45,45,農委會水土保持局,2019-05-01 07:40:00
81D660,花園派出,新竹縣,五峰鄉,121.1429,24.6479,1,7.5,54,54.5,54.5,54.5,54.5,農委會水土保持局,2019-05-01 07:40:00
81D650,內灣國小,新竹縣,橫山鄉,121.1750,24.7072,1,5,40,45.5,45.5,45.5,45.5,農委會水土保持局,2019-05-01 07:40:00
81D640,錦屏國小,新竹縣,尖石鄉,121.2386,24.6822,2.5,8,44.5,45,45,45,45,農委會水土保持局,2019-05-01 07:40:00
81D630,尖石國小,新竹縣,尖石鄉,121.2183,24.7305,0.5,2.5,32,35,35,35,35,農委會水土保持局,2019-05-01 07:40:00
81D620,錦山派出,新竹縣,關西鎮,121.2232,24.7738,2.5,7.5,44.5,51,51,51,51,農委會水土保持局,2019-05-01 07:40:00
81C710,高坡國小,桃園市,復興區,121.3434,24.7698,1.5,4,27,31,31.5,31.5,31,農委會水土保持局,2019-05-01 07:40:00
81C700,大艽芎古,桃園市,大溪區,121.2804,24.8268,0.5,3.5,45.5,54,54.5,54.5,54.5,農委會水土保持局,2019-05-01 07:40:00
81AI20,有木國小,新北市,三峽區,121.4293,24.8554,1,2.5,26,32,32,32,32,農委會水土保持局,2019-05-01 07:40:00
81AI10,建安國小,新北市,三峽區,121.4384,24.9275,1,6.5,24.5,37.5,37.5,37.5,37.5,農委會水土保持局,2019-05-01 07:40:00
81AI00,五寮國小,新北市,三峽區,121.3518,24.8607,0,1.5,31,38.5,38.5,38.5,38.5,農委會水土保持局,2019-05-01 07:40:00
81AH90,信賢派出,新北市,烏來區,121.5179,24.8401,0.5,3,22.5,25,32.5,32.5,25,農委會水土保持局,2019-05-01 07:40:00
81AH80,五城加油,新北市,新店區,121.4628,24.9417,1.5,14,33,46,46,46,46,農委會水土保持局,2019-05-01 07:40:00
81AH70,柑林國小,新北市,雙溪區,121.7962,25.0177,0,3,16,22,23,30,22,農委會水土保持局,2019-05-01 07:40:00
81AH60,長坑國小,新北市,八里區,121.3823,25.1285,0,2,12,46.5,51,51,51,農委會水土保持局,2019-05-01 07:40:00
81AH50,萬里國小,新北市,萬里區,121.6812,25.1776,0,3.5,40,71,72.5,72.5,72.5,農委會水土保持局,2019-05-01 07:40:00
81E880,火炎山,苗栗縣,三義鄉,120.7211,24.3578,0,0,26.5,28.5,35.5,35.5,35.5,農委會水土保持局,2019-05-01 07:40:00
81K580,坪頂,雲林縣,林內鄉,120.6309,23.7556,0,1,3.5,4,16,16,16,農委會水土保持局,2019-05-01 07:40:00
81M020,豐山,嘉義縣,阿里山鄉,120.7367,23.5921,0,3.5,4.5,12.5,12.5,12.5,12.5,農委會水土保持局,2019-05-01 07:40:00
81S930,射馬干,臺東縣,卑南鄉,121.0298,22.7268,0,0,0,1.5,1.5,3,1.5,農委會水土保持局,2019-05-01 07:40:00
81T9J0,鳳義坑,花蓮縣,鳳林鎮,121.4180,23.7427,0,0,0,0,0,0,0,農委會水土保持局,2019-05-01 07:40:00
81AI30,大粗坑,新北市,瑞芳區,121.8307,25.0931,1,9,42.5,57.5,58,60.5,58,農委會水土保持局,2019-05-01 07:40:00
81I560,豐丘,南投縣,信義鄉,120.8688,23.6698,0,0,0.5,3,3,3,3,農委會水土保持局,2019-05-01 07:40:00
81I550,郡坑,南投縣,水里鄉,120.8620,23.7416,0,0,0,3,3.5,3.5,3.5,農委會水土保持局,2019-05-01 07:40:00
81I540,上安,南投縣,水里鄉,120.8685,23.7272,0,0,0,1.5,2,2,2,農委會水土保持局,2019-05-01 07:40:00
81I530,神木,南投縣,信義鄉,120.8486,23.5300,3,6.5,7.5,28,28,30,28,農委會水土保持局,2019-05-01 07:40:00
81I520,九份二山,南投縣,國姓鄉,120.8462,23.9517,8,20,21,26.5,27.5,27.5,27.5,農委會水土保持局,2019-05-01 07:40:00
C0AH40,平等,臺北市,士林區,121.5689,25.1309,1,3,14,38,41,41,41,局屬無人測站,2019-05-01 07:40:00
C0W130,花嶼,澎湖縣,望安鄉,119.3147,23.4018,0,0,0,0,0,0,0,局屬無人測站,2019-05-01 07:40:00
C0W120,西嶼,澎湖縣,西嶼鄉,119.4603,23.5643,0,0,0,0,0,0,0,局屬無人測站,2019-05-01 07:40:00
C0W110,東莒,連江縣,莒光鄉,119.9724,25.9669,0,0,0.5,3,11,23,3.5,局屬無人測站,2019-05-01 07:40:00
C0F0A0,雪山圈谷,臺中市,和平區,121.2282,24.3904,3.5,16,27.5,34.5,35,35,35,局屬無人測站,2019-05-01 07:40:00
C0F9Z0,雪山東峰,臺中市,和平區,121.2633,24.3906,1.5,9.5,18,22,22,22,22,局屬無人測站,2019-05-01 07:40:00
C0F9Y0,桃山,臺中市,和平區,121.2956,24.4345,6.5,24.5,34.5,36.5,36.5,36.5,36.5,局屬無人測站,2019-05-01 07:40:00
C0R620,墾雷,屏東縣,恆春鎮,120.8472,21.9027,0,0,6,6,6,6,6,局屬無人測站,2019-05-01 07:40:00
01U880,福山植物,宜蘭縣,員山鄉,121.5731,24.7624,1,6,22,22,22,22,22,水利署第10河川局,2019-05-01 07:40:00
O1T840,花蓮,花蓮縣,花蓮市,121.5978,23.9747,1,3,3,3,3,3,3,水利署第9河川局,2019-05-01 07:40:00
01D190,鳥嘴山,新竹縣,尖石鄉,121.2755,24.7210,0,4,32,33,33,33,33,水利署第2河川局,2019-05-01 07:40:00
01D100,太閣南,新竹縣,五峰鄉,121.1399,24.6271,0,3,49,49,49,49,49,水利署第2河川局,2019-05-01 07:40:00
C0X310,七股,臺南市,七股區,120.0782,23.1490,0,0,0,33.5,38,38,38,局屬無人測站,2019-05-01 07:40:00
C0AH30,五分山,新北市,瑞芳區,121.7726,25.0730,0.5,4.5,24.5,38,39,0,38.5,局屬無人測站,2019-05-01 07:40:00
C0S890,關山,臺東縣,關山鎮,121.1669,23.0413,0,0,0,0.5,0.5,0.5,0.5,局屬無人測站,2019-05-01 07:40:00
C0I490,萬大林道,南投縣,仁愛鄉,121.0833,23.9300,2,7,8.5,16.5,23,41.5,16.5,局屬無人測站,2019-05-01 07:40:00
C0I480,梅峰,南投縣,仁愛鄉,121.1654,24.0871,1.5,11.5,30.5,39.5,39.5,46.5,39.5,局屬無人測站,2019-05-01 07:40:00
C1I470,杉林溪,南投縣,竹山鎮,120.7783,23.6413,0,0,1,5.5,6.5,6.5,6.5,局屬無人測站,2019-05-01 07:40:00
C0K560,棋山,雲林縣,古坑鄉,120.5953,23.6882,0,0,0.5,1.5,5.5,5.5,5.5,局屬無人測站,2019-05-01 07:40:00
C0X300,鹿寮,臺南市,白河區,120.4692,23.3878,0,0,0.5,11.5,11.5,11.5,11.5,局屬無人測站,2019-05-01 07:40:00
C0M830,山美,嘉義縣,阿里山鄉,120.6601,23.3856,0,0,0.5,6,10.5,10.5,10.5,局屬無人測站,2019-05-01 07:40:00
C0M820,達邦,嘉義縣,阿里山鄉,120.7414,23.4558,0,4.5,6,15.5,15.5,16,15.5,局屬無人測站,2019-05-01 07:40:00
C0M810,里佳,嘉義縣,阿里山鄉,120.7085,23.3909,0,0,1.5,8,11,11,11,局屬無人測站,2019-05-01 07:40:00
C0M800,茶山,嘉義縣,阿里山鄉,120.6567,23.3008,0,0.5,0.5,9,10,10,10,局屬無人測站,2019-05-01 07:40:00
C0K550,蔦松,雲林縣,水林鄉,120.2216,23.5161,0,0,2,2,3.5,3.5,3.5,局屬無人測站,2019-05-01 07:40:00
C1K540,口湖,雲林縣,口湖鄉,120.1724,23.5871,0,0,1,1.5,1.5,1.5,1.5,局屬無人測站,2019-05-01 07:40:00
C1I500,大尖山,南投縣,仁愛鄉,120.9867,23.8603,2.5,8,8,12.5,14,18.5,14,局屬無人測站,2019-05-01 07:40:00
C1I510,線浸林道,南投縣,鹿谷鄉,120.8248,23.7633,0,0.5,0.5,1.5,3.5,3.5,3.5,局屬無人測站,2019-05-01 07:40:00
C1I450,望鄉山,南投縣,信義鄉,120.9362,23.5960,0,5,7,21.5,22,25,21.5,局屬無人測站,2019-05-01 07:40:00
C0I460,南投,南投縣,南投市,120.6873,23.9115,9.5,37,37.5,38.5,43.5,43.5,43.5,局屬無人測站,2019-05-01 07:40:00
C0V810,左營,高雄市,左營區,120.2769,22.6767,0,0,2,23,31.5,31.5,31.5,局屬無人測站,2019-05-01 07:40:00
C0I080,信義,南投縣,信義鄉,120.8428,23.6914,0,0,0,1,1,1,1,局屬無人測站,2019-05-01 07:40:00
C0H890,埔里,南投縣,埔里鎮,120.9443,23.9739,2,8.5,10,20,21,21.5,21,局屬無人測站,2019-05-01 07:40:00
C0K250,崙背,雲林縣,崙背鄉,120.3108,23.7575,2,20.5,22,22,22,22,22,局屬無人測站,2019-05-01 07:40:00
C0M770,嘉義梅山,嘉義縣,梅山鄉,120.5475,23.5871,0,0,0,6,6.5,6.5,6.5,局屬無人測站,2019-05-01 07:40:00
C0M790,新港,嘉義縣,新港鄉,120.3376,23.5550,1,1.5,1.5,3,4,4,4,局屬無人測站,2019-05-01 07:40:00
C0M740,六腳,嘉義縣,六腳鄉,120.2825,23.4946,0.5,0.5,1.5,2.5,4.5,4.5,4.5,局屬無人測站,2019-05-01 07:40:00
C0M780,鹿草,嘉義縣,鹿草鄉,120.3002,23.4131,0,1.5,7.5,10,10,10,10,局屬無人測站,2019-05-01 07:40:00
C0M750,布袋,嘉義縣,布袋鎮,120.1597,23.3826,0,0,8.5,9,9,9,9,局屬無人測站,2019-05-01 07:40:00
C0K500,元長,雲林縣,元長鄉,120.3069,23.6515,0,0.5,3.5,3.5,7.5,7.5,7.5,局屬無人測站,2019-05-01 07:40:00
C0K510,水林,雲林縣,水林鄉,120.2378,23.5747,0,0,0.5,1,1,1,1,局屬無人測站,2019-05-01 07:40:00
C0K530,臺西,雲林縣,臺西鄉,120.1894,23.7033,2.5,11,11.5,11.5,12,12,12,局屬無人測站,2019-05-01 07:40:00
C0G750,竹塘,彰化縣,竹塘鄉,120.3743,23.8484,0,22,22.5,22.5,23.5,23.5,23.5,局屬無人測站,2019-05-01 07:40:00
C0K480,莿桐,雲林縣,莿桐鄉,120.4942,23.7629,18,20,27,27.5,36,36,36,局屬無人測站,2019-05-01 07:40:00
C0K450,大埤,雲林縣,大埤鄉,120.4234,23.6478,0,0,0,0.5,3,3,3,局屬無人測站,2019-05-01 07:40:00
C0M760,民雄,嘉義縣,民雄鄉,120.4203,23.5535,0,0,0,5,6,6,6,局屬無人測站,2019-05-01 07:40:00
C0K520,雲林東勢,雲林縣,東勢鄉,120.2447,23.6767,6,7,11.5,11.5,17,17,17,局屬無人測站,2019-05-01 07:40:00
C0K490,古坑,雲林縣,古坑鄉,120.5516,23.6561,0,0,0,0.5,2,2,2,局屬無人測站,2019-05-01 07:40:00
C0G740,大城,彰化縣,大城鄉,120.3128,23.8542,0,26.5,27,27,29,29,27.5,局屬無人測站,2019-05-01 07:40:00
C0K470,林內,雲林縣,林內鄉,120.6015,23.7504,2,2,5,5,18,18,18,局屬無人測站,2019-05-01 07:40:00
C0M680,太保,嘉義縣,太保市,120.3233,23.4568,1,1.5,9,10.5,10.5,10.5,10.5,局屬無人測站,2019-05-01 07:40:00
C0K410,北港,雲林縣,北港鎮,120.2837,23.5758,0,0,0,0,0,0,0,局屬無人測站,2019-05-01 07:40:00
C0M650,朴子,嘉義縣,朴子市,120.2309,23.4364,0,1,8,9,9,9,9,局屬無人測站,2019-05-01 07:40:00
C0K400,斗六,雲林縣,斗六市,120.5330,23.7223,0.5,0.5,1.5,1.5,16.5,16.5,16.5,局屬無人測站,2019-05-01 07:40:00
C0K460,斗南,雲林縣,斗南鎮,120.4702,23.6805,0,0,1.5,1.5,7.5,7.5,7.5,局屬無人測站,2019-05-01 07:40:00
C0G720,溪州,彰化縣,溪州鄉,120.4909,23.8533,0,39.5,40,40,41,41,41,局屬無人測站,2019-05-01 07:40:00
C0X240,關子嶺,臺南市,白河區,120.4999,23.3329,0,0.5,0.5,2,16,16,16,局屬無人測站,2019-05-01 07:40:00
C0X270,柳營,臺南市,柳營區,120.3655,23.2590,0,0,0,1,13,13,13,局屬無人測站,2019-05-01 07:40:00
C0M730,嘉義市東,嘉義市,東區,120.4524,23.4594,0,1.5,6,12.5,12.5,12.5,12.5,局屬無人測站,2019-05-01 07:40:00
C0M690,水上,嘉義縣,水上鄉,120.3808,23.4215,1,3,8,12,13.5,13.5,13.5,局屬無人測站,2019-05-01 07:40:00
C0M710,東石,嘉義縣,東石鄉,120.1457,23.4607,0,0,1,1,1,1,1,局屬無人測站,2019-05-01 07:40:00
C0M670,大林,嘉義縣,大林鎮,120.4503,23.6024,0,0,0,2.5,3.5,3.5,3.5,局屬無人測站,2019-05-01 07:40:00
C0K390,土庫,雲林縣,土庫鎮,120.3874,23.6808,0,0.5,2.5,3,14,14,14,局屬無人測站,2019-05-01 07:40:00
C0K420,西螺,雲林縣,西螺鎮,120.4593,23.8022,7.5,34,38.5,38.5,38.5,38.5,38.5,局屬無人測站,2019-05-01 07:40:00
C0X260,後壁,臺南市,後壁區,120.3542,23.3681,0.5,1,2.5,4,5.5,5.5,5.5,局屬無人測站,2019-05-01 07:40:00
C0X220,學甲,臺南市,學甲區,120.1741,23.2321,0,0,2,2,16.5,16.5,16.5,局屬無人測站,2019-05-01 07:40:00
C0X230,鹽水,臺南市,鹽水區,120.2395,23.2743,0,0.5,1,1,10,10,10,局屬無人測站,2019-05-01 07:40:00
C0M640,中埔,嘉義縣,中埔鄉,120.5148,23.4271,0,0.5,2,8.5,8.5,8.5,8.5,局屬無人測站,2019-05-01 07:40:00
C0M700,竹崎,嘉義縣,竹崎鄉,120.5474,23.5279,0,4.5,14.5,25,25,25,25,局屬無人測站,2019-05-01 07:40:00
C0K440,二崙,雲林縣,二崙鄉,120.4008,23.7746,8.5,22,25,25,25,25,25,局屬無人測站,2019-05-01 07:40:00
C0M660,溪口,嘉義縣,溪口鄉,120.3954,23.6059,0,0,0.5,1.5,1.5,1.5,1.5,局屬無人測站,2019-05-01 07:40:00
C0K430,褒忠,雲林縣,褒忠鄉,120.2955,23.6927,10,10,15.5,15.5,24.5,24.5,24.5,局屬無人測站,2019-05-01 07:40:00
C0X280,將軍,臺南市,將軍區,120.1277,23.2167,0,0.5,1,1,14.5,14.5,14.5,局屬無人測站,2019-05-01 07:40:00
C0X250,新營,臺南市,新營區,120.3086,23.3124,0,0,0.5,0.5,7.5,7.5,7.5,局屬無人測站,2019-05-01 07:40:00
C0M720,番路,嘉義縣,番路鄉,120.5460,23.4664,0,2.5,7,26,26,26,26,局屬無人測站,2019-05-01 07:40:00
C0X210,白河,臺南市,白河區,120.4063,23.3492,0,0,0.5,2.5,9,9,9,局屬無人測站,2019-05-01 07:40:00
C0G730,二林,彰化縣,二林鎮,120.3679,23.9051,0,6.5,27,27,30.5,30.5,30.5,局屬無人測站,2019-05-01 07:40:00
C0I410,名間,南投縣,名間鄉,120.6933,23.8388,6.5,16.5,17,19.5,22.5,22.5,22.5,局屬無人測站,2019-05-01 07:40:00
C0I380,集集,南投縣,集集鎮,120.7933,23.8300,0,4,4,7.5,10,10,10,局屬無人測站,2019-05-01 07:40:00
C0I360,水里,南投縣,水里鄉,120.8417,23.8143,0,1.5,1.5,7,9,9,9,局屬無人測站,2019-05-01 07:40:00
C0I390,仁愛,南投縣,仁愛鄉,121.1241,24.0239,3,10,15.5,28.5,28.5,30,28.5,局屬無人測站,2019-05-01 07:40:00
C1I430,翠華,南投縣,仁愛鄉,121.2161,24.1937,1,6.5,18.5,24,24.5,24.5,24,局屬無人測站,2019-05-01 07:40:00
C0I420,國姓,南投縣,國姓鄉,120.8469,24.0396,4,23,27.5,31.5,32,32,32,局屬無人測站,2019-05-01 07:40:00
C0I370,魚池,南投縣,魚池鄉,120.9332,23.8975,2,17.5,18,29.5,30.5,31,30.5,局屬無人測站,2019-05-01 07:40:00
C1I400,凌霄,南投縣,仁愛鄉,120.9963,24.0206,2,8.5,14.5,22.5,23,25,23,局屬無人測站,2019-05-01 07:40:00
81S910,膽曼,臺東縣,成功鎮,121.4047,23.2267,0,0,0,0,0,0,0,農委會水土保持局,2019-05-01 07:40:00
81S900,加拿國小,臺東縣,鹿野鄉,121.1229,23.0028,0,0,0,0,0,0,0,農委會水土保持局,2019-05-01 07:40:00
81S890,初鹿國中,臺東縣,卑南鄉,121.0843,22.8517,0,0,0,0.5,0.5,0.5,0.5,農委會水土保持局,2019-05-01 07:40:00
81S880,愛國埔分,臺東縣,大武鄉,120.9147,22.4595,0,0,0.5,1,1,1,1,農委會水土保持局,2019-05-01 07:40:00
81R650,丹路國小,屏東縣,獅子鄉,120.7433,22.2051,0,0,2.5,7,7,7,7,農委會水土保持局,2019-05-01 07:40:00
81R640,佳義國小,屏東縣,瑪家鄉,120.6229,22.6549,0,0,2,12.5,12.5,12.5,12.5,農委會水土保持局,2019-05-01 07:40:00
81V820,建山國小,高雄市,桃源區,120.6748,23.1072,0,0,6,20.5,20.5,20.5,20.5,農委會水土保持局,2019-05-01 07:40:00
81O960,崁頭山,臺南市,東山區,120.4935,23.2696,0,0,0,6,9.5,9.5,9.5,農委會水土保持局,2019-05-01 07:40:00
81M670,新美國小,嘉義縣,阿里山鄉,120.6750,23.3396,0,0,0,8.5,8.5,8.5,8.5,農委會水土保持局,2019-05-01 07:40:00
81M660,阿里山國,嘉義縣,阿里山鄉,120.6936,23.4708,0,7,8.5,21.5,21.5,21.5,21.5,農委會水土保持局,2019-05-01 07:40:00
81U870,樂水分校,宜蘭縣,大同鄉,121.5211,24.6021,0.5,6.5,12,12.5,12.5,12.5,12.5,農委會水土保持局,2019-05-01 07:40:00
81U860,金岳國小,宜蘭縣,南澳鄉,121.7692,24.4722,1,6,7.5,7.5,7.5,7.5,7.5,農委會水土保持局,2019-05-01 07:40:00
81D600,五峰國小,新竹縣,五峰鄉,121.1094,24.6333,2,5,50.5,51.5,51.5,51.5,51.5,農委會水土保持局,2019-05-01 07:40:00
81AH40,精忠,新北市,新店區,121.5239,24.9615,0.5,4.5,18.5,31,31,31,31,農委會水土保持局,2019-05-01 07:40:00
88T830,和中,花蓮縣,秀林鄉,121.7336,24.2726,1.5,5,5.5,5.5,11.5,11.5,5.5,農委會水土保持局,2019-05-01 07:40:00
O1R630,崁頂,屏東縣,崁頂鄉,120.5030,22.5150,0,0,1,33,33,33,33,水利署第7河川局,2019-05-01 07:40:00
O1I360,楠溪,南投縣,信義鄉,120.8998,23.4746,3,8,9,23,23,23,23,水利署第7河川局,2019-05-01 07:40:00
O1M650,外來吉,嘉義縣,阿里山鄉,120.7318,23.5314,0,3,3,21,21,22,21,水利署第4河川局,2019-05-01 07:40:00
O1M640,豐山,嘉義縣,阿里山鄉,120.7386,23.5764,0,6,6,20,20,22,20,水利署第4河川局,2019-05-01 07:40:00
O1AH30,吉林國小,新北市,貢寮區,121.8793,24.9877,0,1,16,26,28,30,27,水利署第1河川局,2019-05-01 07:40:00
O1AH20,上林國小,新北市,雙溪區,121.8243,25.0312,1,0,24,31,32,38,31,水利署第1河川局,2019-05-01 07:40:00
O1V820,圓富國中,高雄市,旗山區,120.5010,22.9283,0,0,6,8,8,8,8,水利署第7河川局,2019-05-01 07:40:00
O1V810,溝坪,高雄市,內門區,120.5009,22.9924,0,0,0,5,5,5,5,水利署第7河川局,2019-05-01 07:40:00
O1V550,多納(1),高雄市,茂林區,120.7080,22.9120,0,1,4,6,6,6,6,水利署第7河川局,2019-05-01 07:40:00
O1V540,高中(2),高雄市,六龜區,120.7107,23.1321,0,0,7,20,20,20,20,水利署第7河川局,2019-05-01 07:40:00
O1V520,民權,高雄市,那瑪夏區,120.6886,23.2421,0,0,1,7,7,7,7,水利署第7河川局,2019-05-01 07:40:00
O1V510,寶山,高雄市,桃源區,120.7008,23.0384,0,0,1,28,28,29,28,水利署第7河川局,2019-05-01 07:40:00
O1T820,太平國小,花蓮縣,卓溪鄉,121.3120,23.4075,0,0,0,0,0,0,0,水利署第9河川局,2019-05-01 07:40:00
O1T810,卓清國小,花蓮縣,卓溪鄉,121.2639,23.2802,0,0,0,0,0,0,0,水利署第9河川局,2019-05-01 07:40:00
O1T800,奇美國小,花蓮縣,瑞穗鄉,121.4378,23.4987,0,0,0,0,0,0,0,水利署第9河川局,2019-05-01 07:40:00
O1S690,神山,屏東縣,霧臺鄉,120.7202,22.7508,0,0,8,14,14,14,14,水利署第7河川局,2019-05-01 07:40:00
O1S680,金針山,臺東縣,金峰鄉,120.9445,22.6446,0,0,0,1,1,1,1,水利署第8河川局,2019-05-01 07:40:00
O1S660,賓茂國小,臺東縣,太麻里鄉,120.9463,22.5342,0,0,0,2,2,2,2,水利署第8河川局,2019-05-01 07:40:00
O1S650,利吉國小,臺東縣,卑南鄉,121.1309,22.8405,0,0,0,1,1,1,1,水利署第8河川局,2019-05-01 07:40:00
O1R620,新庄國小,屏東縣,萬丹鄉,120.4803,22.5619,0,0,1,32,32,32,32,水利署第7河川局,2019-05-01 07:40:00
O1N1A0,大竹坑,臺南市,南化區,120.5689,23.1435,0,0,9,24,24,24,24,水利署第6河川局,2019-05-01 07:40:00
O1D590,成德中學,新竹市,北區,120.9445,24.7916,0,1,12,66,68,68,68,水利署第2河川局,2019-05-01 07:40:00
O1D580,內湖國小,新竹市,香山區,120.8987,24.7439,0,1,16,39,40,40,40,水利署第2河川局,2019-05-01 07:40:00
O1D570,新城國小,新竹縣,寶山鄉,120.9592,24.7352,0,4,39,61,61,61,61,水利署第2河川局,2019-05-01 07:40:00
01W010,望安,澎湖縣,望安鄉,119.4925,23.3626,0,0,0,0,0,0,0,水利署第6河川局,2019-05-01 07:40:00
01V070,天池,高雄市,桃源區,120.9088,23.2794,0,1,6,13,13,13,13,水利署第7河川局,2019-05-01 07:40:00
01V060,梅山(2),高雄市,桃源區,120.8168,23.2673,0,0,3,11,11,11,11,水利署第7河川局,2019-05-01 07:40:00
01V040,六龜(4),高雄市,六龜區,120.6255,22.9996,0,0,0,17,17,17,17,水利署第7河川局,2019-05-01 07:40:00
01U790,清水,宜蘭縣,大同鄉,121.6291,24.6167,1,8,15,17,17,17,17,水利署第1河川局,2019-05-01 07:40:00
01U780,四季,宜蘭縣,大同鄉,121.4180,24.4902,2,5,9,9,9,9,9,水利署第1河川局,2019-05-01 07:40:00
01U560,太平山(1,宜蘭縣,大同鄉,121.5283,24.4963,1,5,10,10,10,10,10,水利署第1河川局,2019-05-01 07:40:00
01U470,武塔,宜蘭縣,南澳鄉,121.7691,24.4513,1,6,7,7,7,7,7,水利署第1河川局,2019-05-01 07:40:00
01U460,五峰,宜蘭縣,礁溪鄉,121.7403,24.8318,0,3,25,26,26,34,26,水利署第1河川局,2019-05-01 07:40:00
01U450,樟林,宜蘭縣,南澳鄉,121.7412,24.4277,1,5,7,7,7,7,7,水利署第1河川局,2019-05-01 07:40:00
01U230,大濁水,宜蘭縣,南澳鄉,121.7314,24.3312,1,0,6,6,10,10,6,水利署第1河川局,2019-05-01 07:40:00
01U190,新北城,宜蘭縣,冬山鄉,121.7406,24.6827,2,7,16,16,16,16,16,水利署第1河川局,2019-05-01 07:40:00
01U130,冬山,宜蘭縣,冬山鄉,121.7758,24.6375,2,10,16,16,16,16,16,水利署第1河川局,2019-05-01 07:40:00
01U120,新寮(1),宜蘭縣,冬山鄉,121.7438,24.6268,1,9,16,16,16,16,16,水利署第1河川局,2019-05-01 07:40:00
01U080,南山,宜蘭縣,大同鄉,121.3712,24.4389,1,5,7,7,7,7,7,水利署第1河川局,2019-05-01 07:40:00
01U070,留茂安,宜蘭縣,大同鄉,121.4431,24.5336,2,9,13,13,13,13,13,水利署第1河川局,2019-05-01 07:40:00
01U060,梵梵(2),宜蘭縣,大同鄉,121.5174,24.6149,1,9,16,16,16,16,16,水利署第1河川局,2019-05-01 07:40:00
01U050,土場(1),宜蘭縣,大同鄉,121.4883,24.5747,0,7,12,12,12,12,12,水利署第1河川局,2019-05-01 07:40:00
01T9L0,東富,花蓮縣,光復鄉,121.4740,23.6866,0,0,0,0,0,0,0,水利署第9河川局,2019-05-01 07:40:00
01T9J0,六十石山,花蓮縣,富里鄉,121.3149,23.2193,0,0,0,0,0,0,0,水利署第9河川局,2019-05-01 07:40:00
01T730,豐濱,花蓮縣,豐濱鄉,121.5124,23.6042,0,0,0,0,0,0,0,水利署第9河川局,2019-05-01 07:40:00
01T720,明里,花蓮縣,富里鄉,121.2436,23.2041,0,0,0,0,0,0,0,水利署第9河川局,2019-05-01 07:40:00
01T670,新東礦,花蓮縣,萬榮鄉,121.3953,23.8166,1,0,1,1,1,1,1,水利署第9河川局,2019-05-01 07:40:00
01T660,馬太安,花蓮縣,萬榮鄉,121.3638,23.6745,0,0,0,0,0,0,0,水利署第9河川局,2019-05-01 07:40:00
01T560,西林,花蓮縣,萬榮鄉,121.4239,23.8210,0,0,0,0,0,0,0,水利署第9河川局,2019-05-01 07:40:00
01T500,北埔,花蓮縣,新城鄉,121.5963,24.0389,1,0,3,3,3,3,3,水利署第9河川局,2019-05-01 07:40:00
01T230,立山,花蓮縣,卓溪鄉,121.3045,23.4319,0,0,0,0,0,0,0,水利署第9河川局,2019-05-01 07:40:00
01T220,卓麓(4),花蓮縣,卓溪鄉,121.2595,23.2978,0,0,0,0,0,0,0,水利署第9河川局,2019-05-01 07:40:00
01S870,北源,臺東縣,東河鄉,121.2929,23.0393,0,0,0,0,0,0,0,水利署第8河川局,2019-05-01 07:40:00
01S860,電光,臺東縣,關山鎮,121.1652,23.0080,0,0,0,0,0,0,0,水利署第8河川局,2019-05-01 07:40:00
01S610,台東(7),臺東縣,臺東市,121.1506,22.7553,0,0,0,1,1,1,1,水利署第8河川局,2019-05-01 07:40:00
01S570,上里,臺東縣,延平鄉,121.0490,22.8790,0,0,0,0,0,0,0,水利署第8河川局,2019-05-01 07:40:00
01S560,南鵝,臺東縣,卑南鄉,121.0163,22.7680,0,0,0,0,0,0,0,水利署第8河川局,2019-05-01 07:40:00
01S470,向陽(2),臺東縣,海端鄉,120.9778,23.2497,1,0,6,17,17,17,17,水利署第8河川局,2019-05-01 07:40:00
01S440,新武(3),臺東縣,海端鄉,121.1148,23.1344,0,0,1,1,1,1,1,水利署第8河川局,2019-05-01 07:40:00
01S430,霧鹿,臺東縣,海端鄉,121.0333,23.1710,0,1,4,5,5,5,5,水利署第8河川局,2019-05-01 07:40:00
01S360,紹家,臺東縣,達仁鄉,120.8501,22.3814,0,0,4,8,8,8,8,水利署第8河川局,2019-05-01 07:40:00
01S270,樟原(1),臺東縣,長濱鄉,121.4514,23.4056,0,0,0,0,0,0,0,水利署第8河川局,2019-05-01 07:40:00
01S260,忠勇,臺東縣,長濱鄉,121.4315,23.3277,0,0,0,0,0,0,0,水利署第8河川局,2019-05-01 07:40:00
01S210,知本(5),臺東縣,卑南鄉,120.9910,22.6927,0,0,0,0,0,0,0,水利署第8河川局,2019-05-01 07:40:00
01S130,武陵,臺東縣,延平鄉,121.1073,22.9715,0,0,0,0,0,0,0,水利署第8河川局,2019-05-01 07:40:00
O1R450,新豐(1),屏東縣,高樹鄉,120.6091,22.8572,0,0,2,4,4,4,4,水利署第7河川局,2019-05-01 07:40:00
01R440,泗林,屏東縣,潮州鎮,120.5615,22.5474,0,1,1,29,29,29,29,水利署第7河川局,2019-05-01 07:40:00
01R040,士文,屏東縣,春日鄉,120.6556,22.3701,0,0,5,16,16,16,16,水利署第7河川局,2019-05-01 07:40:00
01R030,大漢山,屏東縣,春日鄉,120.6750,22.4211,0,0,14,38,38,38,38,水利署第7河川局,2019-05-01 07:40:00
01R000,壽卡,屏東縣,獅子鄉,120.8276,22.2469,0,0,6,9,9,9,9,水利署第7河川局,2019-05-01 07:40:00
01Q930,三地門,屏東縣,瑪家鄉,120.6412,22.7101,0,0,2,10,10,10,10,水利署第7河川局,2019-05-01 07:40:00
01Q920,新瑪家,屏東縣,瑪家鄉,120.6787,22.6771,0,0,3,19,19,19,19,水利署第7河川局,2019-05-01 07:40:00
01Q870,石門,屏東縣,牡丹鄉,120.7664,22.1282,0,0,6,9,9,9,9,水利署第7河川局,2019-05-01 07:40:00
01Q860,牡丹,屏東縣,牡丹鄉,120.8287,22.1774,0,0,2,13,13,13,13,水利署第7河川局,2019-05-01 07:40:00
01Q610,古夏,屏東縣,三地門鄉,120.6364,22.7680,0,0,8,18,18,18,18,水利署第7河川局,2019-05-01 07:40:00
01Q350,新來義,屏東縣,來義鄉,120.6703,22.5288,0,0,5,27,27,27,27,水利署第7河川局,2019-05-01 07:40:00
01Q250,泰武(1),屏東縣,泰武鄉,120.6873,22.6085,0,4,5,20,20,20,20,水利署第7河川局,2019-05-01 07:40:00
01P770,美濃(2),高雄市,美濃區,120.5321,22.8947,0,0,1,5,5,5,5,水利署第7河川局,2019-05-01 07:40:00
01P660,甲仙(2),高雄市,甲仙區,120.5796,23.0856,0,1,7,21,21,21,21,水利署第7河川局,2019-05-01 07:40:00
01P500,阿蓮(2),高雄市,阿蓮區,120.3191,22.8781,0,0,2,4,6,6,6,水利署第6河川局,2019-05-01 07:40:00
01P390,金山,高雄市,燕巢區,120.3901,22.8136,0,0,7,8,8,8,8,水利署第6河川局,2019-05-01 07:40:00
01P280,古亭坑,高雄市,田寮區,120.3965,22.8945,0,0,2,5,5,5,5,水利署第6河川局,2019-05-01 07:40:00
01P190,木柵,高雄市,內門區,120.4589,22.9774,0,0,0,4,4,4,4,水利署第6河川局,2019-05-01 07:40:00
01O760,關山,臺南市,南化區,120.5871,23.1751,0,0,8,19,19,19,19,水利署第6河川局,2019-05-01 07:40:00
01O750,王爺宮,臺南市,六甲區,120.3923,23.2239,0,0,0,3,10,10,10,水利署第6河川局,2019-05-01 07:40:00
01O710,虎頭埤,臺南市,新化區,120.3291,23.0274,0,0,0,52,55,55,55,水利署第6河川局,2019-05-01 07:40:00
01O200,北寮,臺南市,東山區,120.4883,23.2921,0,0,0,3,12,12,12,水利署第5河川局,2019-05-01 07:40:00
01O190,東原,臺南市,東山區,120.4378,23.2671,0,0,0,5,10,10,10,水利署第5河川局,2019-05-01 07:40:00
01O080,六溪,臺南市,白河區,120.4512,23.3108,0,0,0,1,8,8,8,水利署第5河川局,2019-05-01 07:40:00
01N860,崎頂,臺南市,龍崎區,120.3517,22.9667,0,0,0,4,6,6,6,水利署第6河川局,2019-05-01 07:40:00
01N850,南化(2),臺南市,南化區,120.4713,23.0463,0,0,1,41,41,41,41,水利署第6河川局,2019-05-01 07:40:00
01M010,溪口(3),嘉義縣,溪口鄉,120.3919,23.5893,0,0,0,1,1,1,1,水利署第5河川局,2019-05-01 07:40:00
01L910,中坑(3),嘉義縣,大林鎮,120.5128,23.5722,0,0,0,5,5,5,5,水利署第5河川局,2019-05-01 07:40:00
01L490,沙坑,嘉義縣,竹崎鄉,120.5124,23.5321,2,8,8,14,14,14,14,水利署第5河川局,2019-05-01 07:40:00
01L480,樟腦寮(2,嘉義縣,竹崎鄉,120.5945,23.5348,3,15,15,27,27,27,27,水利署第5河川局,2019-05-01 07:40:00
01L390,大湖山,嘉義縣,番路鄉,120.6121,23.4769,0,5,8,35,35,35,35,水利署第5河川局,2019-05-01 07:40:00
01L360,小公田(2,嘉義縣,番路鄉,120.6336,23.4263,0,0,1,12,12,12,12,水利署第5河川局,2019-05-01 07:40:00
01K060,褒忠(2),雲林縣,褒忠鄉,120.3029,23.7028,0,0,9,9,15,15,15,水利署第5河川局,2019-05-01 07:40:00
01J970,草嶺(2),雲林縣,古坑鄉,120.6875,23.5859,0,2,2,13,13,13,13,水利署第4河川局,2019-05-01 07:40:00
01J960,大埔,雲林縣,古坑鄉,120.6073,23.6321,0,0,0,2,2,2,2,水利署第5河川局,2019-05-01 07:40:00
01J930,林內(1),雲林縣,林內鄉,120.6044,23.7570,0,1,5,5,16,16,16,水利署第5河川局,2019-05-01 07:40:00
01J100,西螺(2),雲林縣,西螺鎮,120.4567,23.8022,19,26,29,29,29,29,29,水利署第4河川局,2019-05-01 07:40:00
01H780,內茅埔(2,南投縣,信義鄉,120.8437,23.6924,0,0,0,0,0,0,0,水利署第4河川局,2019-05-01 07:40:00
01H720,清流(1),南投縣,仁愛鄉,120.9452,24.0681,3,28,33,37,38,38,38,水利署第3河川局,2019-05-01 07:40:00
01H680,北山(2),南投縣,國姓鄉,120.8847,23.9873,2,0,13,18,19,19,19,水利署第3河川局,2019-05-01 07:40:00
01H630,草屯(4),南投縣,草屯鎮,120.6708,23.9743,10,31,31,33,33,33,33,水利署第3河川局,2019-05-01 07:40:00
01H590,六分寮,南投縣,南投市,120.6299,23.9279,14,41,41,43,44,44,44,水利署第3河川局,2019-05-01 07:40:00
01H470,西巒,南投縣,信義鄉,120.9095,23.7123,0,0,0,1,1,1,1,水利署第4河川局,2019-05-01 07:40:00
01H400,東埔,南投縣,信義鄉,120.9202,23.5636,1,0,4,12,12,12,12,水利署第4河川局,2019-05-01 07:40:00
01H310,翠峰,南投縣,仁愛鄉,121.1911,24.1088,1,8,25,29,33,37,30,水利署第4河川局,2019-05-01 07:40:00
01H210,翠巒,南投縣,仁愛鄉,121.1954,24.1844,0,10,34,41,41,42,41,水利署第3河川局,2019-05-01 07:40:00
01H110,桶頭(2),南投縣,竹山鎮,120.6495,23.6464,0,0,0,2,2,2,2,水利署第4河川局,2019-05-01 07:40:00
01G090,頭汴,彰化縣,鹿港鎮,120.4759,24.0870,0,2,63,63,63,63,63,水利署第4河川局,2019-05-01 07:40:00
01F680,頭汴坑,臺中市,太平區,120.8030,24.1169,5,47,57,59,60,60,60,水利署第3河川局,2019-05-01 07:40:00
01F350,雪嶺,臺中市,和平區,121.0173,24.2813,1,20,30,43,44,44,44,水利署第3河川局,2019-05-01 07:40:00
01E390,大潭,苗栗縣,造橋鄉,120.8126,24.6370,0,4,21,51,51,51,51,水利署第2河川局,2019-05-01 07:40:00
01E380,大河,苗栗縣,三灣鄉,120.9381,24.6193,2,0,42,58,58,58,58,水利署第2河川局,2019-05-01 07:40:00
01E370,和興,苗栗縣,獅潭鄉,120.9049,24.5298,0,1,59,62,63,63,63,水利署第2河川局,2019-05-01 07:40:00
01E330,大坪頂,苗栗縣,通霄鎮,120.7196,24.4272,1,0,47,50,59,59,59,水利署第2河川局,2019-05-01 07:40:00
01E310,南勢山,苗栗縣,後龍鎮,120.7271,24.5898,0,3,22,59,60,60,59,水利署第2河川局,2019-05-01 07:40:00
01E290,三義(2),苗栗縣,三義鄉,120.7619,24.4160,0,0,47,52,56,56,56,水利署第2河川局,2019-05-01 07:40:00
01E270,大湖(1),苗栗縣,大湖鄉,120.8617,24.4254,0,1,42,46,46,46,46,水利署第2河川局,2019-05-01 07:40:00
01E240,珊珠湖,苗栗縣,頭份市,120.9521,24.6888,1,0,28,53,53,53,53,水利署第2河川局,2019-05-01 07:40:00
01E230,卓蘭(2),臺中市,東勢區,120.8050,24.3068,0,8,57,63,63,63,63,水利署第3河川局,2019-05-01 07:40:00
01E120,大埔,苗栗縣,竹南鎮,120.8900,24.7112,0,3,37,68,68,68,68,水利署第2河川局,2019-05-01 07:40:00
01E080,松安,苗栗縣,泰安鄉,120.9778,24.3996,0,15,56,64,64,64,64,水利署第3河川局,2019-05-01 07:40:00
01E060,象鼻(1),苗栗縣,泰安鄉,120.9402,24.3622,0,26,59,65,65,65,65,水利署第3河川局,2019-05-01 07:40:00
01E030,橫龍山,苗栗縣,泰安鄉,120.9606,24.4717,0,2,43,45,45,45,45,水利署第2河川局,2019-05-01 07:40:00
01D310,新埔(1),新竹縣,新埔鎮,121.0632,24.8312,0,1,17,60,60,60,60,水利署第2河川局,2019-05-01 07:40:00
01D300,關西(3),新竹縣,關西鎮,121.1722,24.7820,4,7,45,52,52,52,52,水利署第2河川局,2019-05-01 07:40:00
01D180,梅花,新竹縣,尖石鄉,121.2004,24.6794,3,7,49,49,49,49,49,水利署第2河川局,2019-05-01 07:40:00
01D110,清泉,新竹縣,五峰鄉,121.0953,24.5749,0,4,46,49,49,49,49,水利署第2河川局,2019-05-01 07:40:00
O1S120,鹿鳴橋,臺東縣,鹿野鄉,121.0784,22.9004,0,0,0,0,0,0,0,水利署第8河川局,2019-05-01 07:40:00
00Q070,屏東(5),屏東縣,屏東市,120.4583,22.6566,0,0,3,25,25,25,25,水利署第7河川局,2019-05-01 07:40:00
O1P470,旗山(4),高雄市,旗山區,120.4736,22.8813,0,0,0,3,3,3,3,水利署第7河川局,2019-05-01 07:40:00
O1J810,北港(2),雲林縣,北港鎮,120.2938,23.5797,0,0,0,0,0,0,0,水利署第5河川局,2019-05-01 07:40:00
00H810,惠蓀(2),南投縣,仁愛鄉,121.0241,24.0925,4,16,25,30,32,33,31,水利署第3河川局,2019-05-01 07:40:00
00H710,集集(2),南投縣,集集鎮,120.7668,23.8280,1,0,5,8,10,10,10,水利署第4河川局,2019-05-01 07:40:00
O1H540,龍神橋,南投縣,水里鄉,120.8636,23.7817,0,0,0,4,4,4,4,水利署第4河川局,2019-05-01 07:40:00
O1F390,雙崎(2),臺中市,和平區,120.9019,24.2941,0,17,35,37,37,37,37,水利署第3河川局,2019-05-01 07:40:00
01A160,林口(1),新北市,林口區,121.3686,25.0790,0,2,13,41,45,45,45,水利署第10河川局,2019-05-01 07:40:00
NUP810,員山子,新北市,瑞芳區,121.8065,25.1099,0,6,33,46,46,53,46,水利署第10河川局,2019-05-01 07:40:00
01C570,龍壽社區,桃園市,龜山區,121.3794,25.0119,1,4,17,39,40,40,40,水利署第10河川局,2019-05-01 07:40:00
NUP490,復興國小,基隆市,七堵區,121.6496,25.1108,1,3,16,27,27,28,27,水利署第10河川局,2019-05-01 07:40:00
NUP460,平溪旅遊,新北市,平溪區,121.7656,25.0502,1,5,24,37,37,42,37,水利署第10河川局,2019-05-01 07:40:00
21C050,石門,桃園市,龍潭區,121.2403,24.8111,1,3,41,51,51,51,51,石門水庫,2019-05-01 07:40:00
C0D660,新竹市東,新竹市,東區,120.9787,24.8004,0.5,1,8.5,67,69,69,68.5,局屬無人測站,2019-05-01 07:40:00
C0Z100,東華,花蓮縣,壽豐鄉,121.5417,23.8971,1,1,1.5,2,2,2,2,局屬無人測站,2019-05-01 07:40:00
C0AH10,永和,新北市,永和區,121.4999,25.0130,1,6.5,18,29.5,29.5,29.5,29.5,局屬無人測站,2019-05-01 07:40:00
C0D650,湖口,新竹縣,湖口鄉,121.0354,24.9066,0,2,7.5,31.5,37.5,37.5,35,局屬無人測站,2019-05-01 07:40:00
C0C660,楊梅,桃園市,楊梅區,121.1348,24.9141,0.5,4,18.5,52.5,56,56,55.5,局屬無人測站,2019-05-01 07:40:00
C0V800,六龜,高雄市,六龜區,120.6255,22.9998,0,0,0,20,20,20,20,局屬無人測站,2019-05-01 07:40:00
C0V790,萬山,高雄市,茂林區,120.6800,22.9077,0,0,3,5,5,5,5,局屬無人測站,2019-05-01 07:40:00
C0R600,舊泰武,屏東縣,泰武鄉,120.6569,22.5900,0,4.5,6.5,28,28,28,28,局屬無人測站,2019-05-01 07:40:00
C1R610,西大武山,屏東縣,泰武鄉,120.7241,22.6195,0,2.5,6,15,15,15,15,局屬無人測站,2019-05-01 07:40:00
C1V780,多納林道,高雄市,茂林區,120.7299,22.8898,0,0,1.5,2.5,2.5,2.5,2.5,局屬無人測站,2019-05-01 07:40:00
C0V450,鳳森,高雄市,小港區,120.3845,22.5469,0,0,0.5,35.5,35.5,35.5,35.5,局屬無人測站,2019-05-01 07:40:00
C0R160,新圍,屏東縣,鹽埔鄉,120.5227,22.7413,0,0,3.5,8.5,9,9,9,局屬無人測站,2019-05-01 07:40:00
C0R170,屏東,屏東縣,屏東市,120.4836,22.6619,0,0,4,19,25.5,25.5,25.5,局屬無人測站,2019-05-01 07:40:00
C0R240,來義,屏東縣,萬巒鄉,120.6171,22.5291,0,0,5,31,31,31,31,局屬無人測站,2019-05-01 07:40:00
C0R260,春日,屏東縣,春日鄉,120.6203,22.3722,0,0,3,16.5,16.5,16.5,16.5,局屬無人測站,2019-05-01 07:40:00
C0V360,內門,高雄市,內門區,120.4583,22.9769,0,0,0,3,4,4,4,局屬無人測站,2019-05-01 07:40:00
C0V400,阿公店,高雄市,燕巢區,120.3474,22.8059,0,0,1,3.5,4,4,4,局屬無人測站,2019-05-01 07:40:00
C0V350,溪埔,高雄市,大樹區,120.4386,22.7403,0,0,2,9,15.5,15.5,15.5,局屬無人測站,2019-05-01 07:40:00
C0R140,瑪家,屏東縣,瑪家鄉,120.6789,22.6847,0,0,3.5,15,15,15,15,局屬無人測站,2019-05-01 07:40:00
C0R130,阿禮,屏東縣,霧臺鄉,120.7356,22.7444,0,0,7,12.5,12.5,12.5,12.5,局屬無人測站,2019-05-01 07:40:00
C0O860,大內,臺南市,大內區,120.3528,23.1206,0,0,0,36,39,39,39,局屬無人測站,2019-05-01 07:40:00
C0O840,王爺宮,臺南市,六甲區,120.3928,23.2238,0,0,0,0.5,10.5,10.5,10.5,局屬無人測站,2019-05-01 07:40:00
C0V210,復興,高雄市,桃源區,120.7978,23.2242,0,0.5,2.5,10.5,10.5,10.5,10.5,局屬無人測站,2019-05-01 07:40:00
C0V260,月眉,高雄市,杉林區,120.5318,22.9728,0,0,1.5,8,8,8,8,局屬無人測站,2019-05-01 07:40:00
C0O830,北寮,臺南市,南化區,120.4869,23.0816,0,0,2.5,18.5,18.5,18.5,18.5,局屬無人測站,2019-05-01 07:40:00
C0O980,新市,臺南市,新市區,120.2904,23.0636,0,0,0,8.5,26,26,26,局屬無人測站,2019-05-01 07:40:00
C0O950,安南,臺南市,安南區,120.1367,23.0783,0,0,1,20,43.5,43.5,43.5,局屬無人測站,2019-05-01 07:40:00
C0V530,阿蓮,高雄市,阿蓮區,120.3195,22.8849,0,0,1,1,3.5,3.5,3.5,局屬無人測站,2019-05-01 07:40:00
C0O960,崎頂,臺南市,龍崎區,120.3612,22.9613,0,0,0,2.5,5,5,5,局屬無人測站,2019-05-01 07:40:00
C0O990,媽廟,臺南市,歸仁區,120.2854,22.9935,0,0,0.5,10,18,18,18,局屬無人測站,2019-05-01 07:40:00
C0O970,虎頭埤,臺南市,新化區,120.3398,23.0231,0,0,0,36,58,58,58,局屬無人測站,2019-05-01 07:40:00
C0V440,鳳山,高雄市,鳳山區,120.3481,22.6486,0,0,4.5,37.5,37.5,37.5,37.5,局屬無人測站,2019-05-01 07:40:00
C0R190,赤山,屏東縣,萬巒鄉,120.6063,22.5941,0,1.5,6.5,28.5,28.5,28.5,28.5,局屬無人測站,2019-05-01 07:40:00
C0R540,佳冬,屏東縣,佳冬鄉,120.5442,22.4212,0,0,9.5,25,25,25,25,局屬無人測站,2019-05-01 07:40:00
C0R530,林邊,屏東縣,林邊鄉,120.5021,22.4327,0,0,3,12,12,12,12,局屬無人測站,2019-05-01 07:40:00
C0R550,新埤,屏東縣,新埤鄉,120.5748,22.4698,0,0.5,1,18,18,18,18,局屬無人測站,2019-05-01 07:40:00
C0R520,崁頂,屏東縣,崁頂鄉,120.4990,22.5166,0,0,0.5,35,35,35,35,局屬無人測站,2019-05-01 07:40:00
C0R560,新園,屏東縣,新園鄉,120.4535,22.5452,0,0,0.5,37.5,37.5,37.5,37.5,局屬無人測站,2019-05-01 07:40:00
C0R510,萬丹,屏東縣,萬丹鄉,120.4824,22.5896,0,0.5,5,22.5,22.5,22.5,22.5,局屬無人測站,2019-05-01 07:40:00
C0R480,長治,屏東縣,長治鄉,120.5346,22.6948,0,0,4,18,20.5,20.5,20.5,局屬無人測站,2019-05-01 07:40:00
C0R470,高樹,屏東縣,高樹鄉,120.5927,22.8282,0,0,6.5,7,7,7,7,局屬無人測站,2019-05-01 07:40:00
C0R490,九如,屏東縣,九如鄉,120.4825,22.7423,0,0,3,12,16,16,16,局屬無人測站,2019-05-01 07:40:00
C0V720,林園,高雄市,林園區,120.3866,22.5096,0,0,4,49.5,49.5,49.5,49.5,局屬無人測站,2019-05-01 07:40:00
C0V710,苓雅,高雄市,苓雅區,120.3226,22.6245,0,0,11.5,30.5,30.5,30.5,30.5,局屬無人測站,2019-05-01 07:40:00
C0V700,三民,高雄市,三民區,120.3033,22.6469,0,0,6,37,37,37,37,局屬無人測站,2019-05-01 07:40:00
C0V670,楠梓,高雄市,楠梓區,120.2779,22.7215,0,0,0.5,15,19.5,19.5,19.5,局屬無人測站,2019-05-01 07:40:00
C0V680,仁武,高雄市,仁武區,120.3397,22.7029,0,0,0,17.5,25.5,25.5,25.5,局屬無人測站,2019-05-01 07:40:00
C0V610,梓官,高雄市,梓官區,120.2593,22.7624,0,0,10.5,14.5,15.5,15.5,15.5,局屬無人測站,2019-05-01 07:40:00
C0V660,岡山,高雄市,岡山區,120.2869,22.7988,0,0,0.5,5,5.5,5.5,5.5,局屬無人測站,2019-05-01 07:40:00
C0V620,永安,高雄市,永安區,120.2288,22.8249,0,0,10,15,19,19,19,局屬無人測站,2019-05-01 07:40:00
C0V640,湖內,高雄市,湖內區,120.2364,22.8889,0,0,3.5,3.5,5.5,5.5,5.5,局屬無人測站,2019-05-01 07:40:00
C0X190,安平,臺南市,安平區,120.1441,22.9950,0,0,0,6.5,25.5,25.5,25.5,局屬無人測站,2019-05-01 07:40:00
C0X100,臺南市北,臺南市,北區,120.1863,23.0122,0,0,0,13,28,28,28,局屬無人測站,2019-05-01 07:40:00
C0X110,臺南市南,臺南市,南區,120.1804,22.9630,0,0,0,1,8.5,8.5,8.5,局屬無人測站,2019-05-01 07:40:00
C0X170,關廟,臺南市,關廟區,120.3197,22.9649,0,0,0,1.5,6.5,6.5,6.5,局屬無人測站,2019-05-01 07:40:00
C0X160,仁德,臺南市,仁德區,120.2498,22.9701,0,0,0,1.5,6,6,6,局屬無人測站,2019-05-01 07:40:00
C0X180,山上,臺南市,山上區,120.3552,23.0774,0,0,2.5,20.5,24.5,24.5,24.5,局屬無人測站,2019-05-01 07:40:00
C0X150,安定,臺南市,安定區,120.2200,23.1044,0,0,0,8,19.5,19.5,19.5,局屬無人測站,2019-05-01 07:40:00
C0X140,西港,臺南市,西港區,120.1951,23.1274,0,0,0,8,14,14,14,局屬無人測站,2019-05-01 07:40:00
C0X130,官田,臺南市,官田區,120.3075,23.1950,0,0,0,4,15,15,15,局屬無人測站,2019-05-01 07:40:00
C0X120,麻豆,臺南市,麻豆區,120.2405,23.1851,0,0,0,6,16.5,16.5,16.5,局屬無人測站,2019-05-01 07:40:00
C0R580,南州,屏東縣,南州鄉,120.4947,22.4877,0,0,1,34.5,34.5,34.5,34.5,局屬無人測站,2019-05-01 07:40:00
C0R570,麟洛,屏東縣,麟洛鄉,120.5191,22.6526,0,0.5,2,17,17.5,17.5,17.5,局屬無人測站,2019-05-01 07:40:00
C0V730,大寮,高雄市,大寮區,120.3877,22.6074,0,0,12.5,23,23,23,23,局屬無人測站,2019-05-01 07:40:00
C0V770,大社,高雄市,大社區,120.3386,22.7319,0,0,3.5,12,15.5,15.5,15.5,局屬無人測站,2019-05-01 07:40:00
C0V760,橋頭,高雄市,橋頭區,120.2977,22.7596,0,0,10,12,13,13,13,局屬無人測站,2019-05-01 07:40:00
C0V750,路竹,高雄市,路竹區,120.2514,22.8566,0,0,5,7.5,0,0,9.5,局屬無人測站,2019-05-01 07:40:00
C0V740,旗山,高雄市,旗山區,120.4755,22.8904,0,0,0,4.5,5,5,5,局屬無人測站,2019-05-01 07:40:00
C0X200,左鎮,臺南市,左鎮區,120.4004,23.0585,0,0,0.5,36.5,39.5,39.5,39.5,局屬無人測站,2019-05-01 07:40:00
C1V570,吉東,高雄市,美濃區,120.5373,22.8560,0,0,3,4,4,4,4,局屬無人測站,2019-05-01 07:40:00
C1V580,溪南(特),高雄市,桃源區,120.7804,23.0868,0,0.5,11,30.5,30.5,30.5,30.5,局屬無人測站,2019-05-01 07:40:00
C1V600,藤枝,高雄市,桃源區,120.7489,23.0738,0,0,14.5,34.5,34.5,34.5,34.5,局屬無人測站,2019-05-01 07:40:00
C1V590,新發,高雄市,六龜區,120.6380,23.0588,0,0,2.5,31,31,31,31,局屬無人測站,2019-05-01 07:40:00
88H890,南豐,南投縣,仁愛鄉,121.0805,24.0191,1.5,9,13.5,26,26,26.5,26,農委會水土保持局,2019-05-01 07:40:00
88R460,來義,屏東縣,來義鄉,120.6681,22.5277,0,0,5,27,27,27,27,農委會水土保持局,2019-05-01 07:40:00
88V560,集來,高雄市,杉林區,120.5848,23.0304,0,0,0,34,34,34,34,農委會水土保持局,2019-05-01 07:40:00
88O950,羌黃坑,臺南市,南化區,120.5289,23.0739,0,0,3,20.5,20.5,21.5,20.5,農委會水土保持局,2019-05-01 07:40:00
C1R440,大漢山,屏東縣,春日鄉,120.7451,22.4059,0,0,19.5,19.5,19.5,19.5,19.5,局屬無人測站,2019-05-01 07:40:00
C1S850,豐南,花蓮縣,富里鄉,121.2543,23.1240,0,0,0,0,0,0,0,局屬無人測站,2019-05-01 07:40:00
C0Z080,富源,花蓮縣,光復鄉,121.3704,23.5898,0,0,0,0,0,0,0,局屬無人測站,2019-05-01 07:40:00
C1S870,南美山,臺東縣,成功鎮,121.3743,23.1521,0,0,0,0.5,0.5,0.5,0.5,局屬無人測站,2019-05-01 07:40:00
C1S860,利嘉,臺東縣,卑南鄉,121.0424,22.8111,0,0,0,0,0,0,0,局屬無人測站,2019-05-01 07:40:00
C0F9V0,新社,臺中市,新社區,120.8075,24.2016,0,15,31.5,41.5,42.5,42.5,42.5,局屬無人測站,2019-05-01 07:40:00
C0F9R0,龍井,臺中市,龍井區,120.5208,24.1863,0,0.5,50,51.5,51.5,52,51.5,局屬無人測站,2019-05-01 07:40:00
C0F9Q0,外埔,臺中市,外埔區,120.6975,24.3496,0,0,29.5,31.5,38.5,39,38.5,局屬無人測站,2019-05-01 07:40:00
C0F9P0,清水,臺中市,清水區,120.5541,24.3140,0,0.5,37.5,41,41.5,46,41.5,局屬無人測站,2019-05-01 07:40:00
C0F9O0,潭子,臺中市,潭子區,120.6958,24.2148,0,0,26,28,31.5,31.5,31.5,局屬無人測站,2019-05-01 07:40:00
C0F9M0,豐原,臺中市,豐原區,120.7123,24.2563,0,0,37,38.5,46,46,46,局屬無人測站,2019-05-01 07:40:00
C0F9L0,后里,臺中市,后里區,120.7215,24.3121,0,0,62.5,65.5,67,67,67,局屬無人測站,2019-05-01 07:40:00
C0F9K0,大安,臺中市,大安區,120.5800,24.3474,0,0,16.5,22.5,28,32,28,局屬無人測站,2019-05-01 07:40:00
C0F9U0,南屯,臺中市,南屯區,120.6301,24.1389,0,22,56.5,61.5,65,65,65,局屬無人測站,2019-05-01 07:40:00
C0F9T0,西屯,臺中市,西屯區,120.6329,24.1820,0,0,38.5,38.5,41.5,42.5,41.5,局屬無人測站,2019-05-01 07:40:00
C0F9S0,烏日,臺中市,烏日區,120.6159,24.1088,0,17,66.5,69,76.5,76.5,76.5,局屬無人測站,2019-05-01 07:40:00
C0F9N0,大里,臺中市,大里區,120.6922,24.0944,0,29,51.5,54.5,56,56,56,局屬無人測站,2019-05-01 07:40:00
C1F9W0,德基,臺中市,和平區,121.1820,24.2567,0,14,23,28.5,29,31.5,29,局屬無人測站,2019-05-01 07:40:00
C0G890,伸港,彰化縣,伸港鄉,120.4762,24.1505,0,0.5,35,35,35,36.5,35,局屬無人測站,2019-05-01 07:40:00
C0G880,二水,彰化縣,二水鄉,120.6090,23.8128,14.5,21,29.5,30.5,37,37,37,局屬無人測站,2019-05-01 07:40:00
C0G850,田中,彰化縣,田中鎮,120.5804,23.8587,7,45.5,50,50.5,51,51,51,局屬無人測站,2019-05-01 07:40:00
C0G840,北斗,彰化縣,北斗鎮,120.5065,23.8792,0,38,38.5,38.5,39.5,39.5,39.5,局屬無人測站,2019-05-01 07:40:00
C0G830,埤頭,彰化縣,埤頭鄉,120.4447,23.8678,0,31,31.5,31.5,33,33,33,局屬無人測站,2019-05-01 07:40:00
C0G820,田尾,彰化縣,田尾鄉,120.5014,23.9034,0.5,38.5,39.5,39.5,42,42,42,局屬無人測站,2019-05-01 07:40:00
C0G810,埔心,彰化縣,埔心鄉,120.5176,23.9487,0,34,41.5,41.5,43.5,43.5,43.5,局屬無人測站,2019-05-01 07:40:00
C0G800,埔鹽,彰化縣,埔鹽鄉,120.4236,24.0022,0,0.5,35,35,35,35,35,局屬無人測站,2019-05-01 07:40:00
C0G790,花壇,彰化縣,花壇鄉,120.5441,24.0178,0,13,32,32,32.5,32.5,32.5,局屬無人測站,2019-05-01 07:40:00
C0G780,秀水,彰化縣,秀水鄉,120.4957,24.0359,0,1,28.5,28.5,28.5,28.5,28.5,局屬無人測站,2019-05-01 07:40:00
C0G770,福興,彰化縣,福興鄉,120.4295,24.0430,0,0.5,37,37,37,37,37,局屬無人測站,2019-05-01 07:40:00
C0E810,西湖,苗栗縣,西湖鄉,120.7403,24.5644,0,3,22,54.5,56,56,55.5,局屬無人測站,2019-05-01 07:40:00
C0E780,銅鑼,苗栗縣,銅鑼鄉,120.7826,24.4915,0,0.5,34.5,37,42,42,42,局屬無人測站,2019-05-01 07:40:00
C0E750,苗栗,苗栗縣,苗栗市,120.8164,24.5667,0,3.5,42,61,61.5,61.5,61.5,局屬無人測站,2019-05-01 07:40:00
C0E740,造橋,苗栗縣,造橋鄉,120.8566,24.6388,0.5,4.5,27.5,64,64,64,64,局屬無人測站,2019-05-01 07:40:00
C0E830,苑裡,苗栗縣,苑裡鎮,120.6449,24.4415,0,0.5,21,23,29.5,31.5,27.5,局屬無人測站,2019-05-01 07:40:00
C1E770,公館,苗栗縣,公館鄉,120.8226,24.5286,0.5,1.5,40,43.5,45.5,45.5,45.5,局屬無人測站,2019-05-01 07:40:00
C0E790,卓蘭,苗栗縣,卓蘭鎮,120.8162,24.3148,0,2,56,60,61.5,61.5,61.5,局屬無人測站,2019-05-01 07:40:00
C1D640,外坪五指,新竹縣,北埔鄉,121.0829,24.6462,0,3,55,61,61,61,61,局屬無人測站,2019-05-01 07:40:00
C1D630,飛鳳山,新竹縣,芎林鄉,121.1107,24.7683,0.5,7,40,57,57,57,57,局屬無人測站,2019-05-01 07:40:00
C0E820,獅潭,苗栗縣,獅潭鄉,120.9120,24.5410,0,0.5,54.5,57,58.5,58.5,58.5,局屬無人測站,2019-05-01 07:40:00
A1AG70,仙跡岩,臺北市,文山區,121.5350,24.9911,0.5,5,24.5,37,37,37,37,北市府大地工程處,2019-05-01 07:40:00
A1AG50,劍潭山,臺北市,中山區,121.5202,25.0849,0.5,6,16.5,38,39,39,39,北市府大地工程處,2019-05-01 07:40:00
A1AG30,稻香里,臺北市,北投區,121.4757,25.1498,0,1.5,12.5,39.5,43,43,43,北市府大地工程處,2019-05-01 07:40:00
A1AG20,大湖里,臺北市,內湖區,121.5959,25.0982,1.5,4,14.5,30,30.5,30.5,30.5,北市府大地工程處,2019-05-01 07:40:00
A1AG60,福州山,臺北市,大安區,121.5461,25.0187,0.5,5,17,30,30,30,30,北市府大地工程處,2019-05-01 07:40:00
A1AG40,四獸山,臺北市,信義區,121.5747,25.0311,0.5,5.5,17.5,29.5,29.5,29.5,29.5,北市府大地工程處,2019-05-01 07:40:00
C1U840,東澳嶺,宜蘭縣,南澳鄉,121.8406,24.5393,2.5,15,19,20,21,25.5,20,局屬無人測站,2019-05-01 07:40:00
C1U850,觀音海岸,宜蘭縣,南澳鄉,121.7703,24.3851,1.5,14,16.5,17,29,29,17,局屬無人測站,2019-05-01 07:40:00
C1U830,烏石鼻,宜蘭縣,蘇澳鎮,121.8317,24.4847,2.5,8.5,11.5,11.5,11.5,11.5,11.5,局屬無人測站,2019-05-01 07:40:00
C0U780,五結,宜蘭縣,五結鄉,121.7902,24.6887,0.5,7.5,21,21,21,21,21,局屬無人測站,2019-05-01 07:40:00
C0V500,旗津,高雄市,旗津區,120.2779,22.5904,0,0,6.5,33,33,33,33,局屬無人測站,2019-05-01 07:40:00
C0V490,新興,高雄市,新興區,120.2906,22.6291,0,0,10.5,39,39,39,39,局屬無人測站,2019-05-01 07:40:00
C0AD50,鶯歌,新北市,鶯歌區,121.3373,24.9530,0,2,19.5,37.5,38,38,38,局屬無人測站,2019-05-01 07:40:00
C0AD40,土城,新北市,土城區,121.4369,24.9749,0.5,6.5,27,38.5,38.5,38.5,38.5,局屬無人測站,2019-05-01 07:40:00
C0AD30,蘆洲,新北市,蘆洲區,121.4641,25.0885,0.5,4.5,13,33.5,35.5,35.5,35.5,局屬無人測站,2019-05-01 07:40:00
C0AD10,八里,新北市,八里區,121.3953,25.1523,0,3.5,13,54,63,63,63,局屬無人測站,2019-05-01 07:40:00
C0AD00,三芝,新北市,三芝區,121.4934,25.2596,0.5,2.5,13.5,73.5,86.5,86.5,86,局屬無人測站,2019-05-01 07:40:00
88C690,蘇樂,桃園市,復興區,121.3486,24.7024,0.5,5.5,25,25,25,25,25,農委會水土保持局,2019-05-01 07:40:00
C0E730,頭份,苗栗縣,頭份市,120.9042,24.6900,0,3,16.5,55,55,55,55,局屬無人測站,2019-05-01 07:40:00
C0D580,寶山,新竹縣,寶山鄉,121.0168,24.7367,0.5,7.5,38.5,65,65,65,65,局屬無人測站,2019-05-01 07:40:00
C0C680,龜山,桃園市,龜山區,121.3783,25.0302,0,3,12.5,37.5,38.5,38.5,38.5,局屬無人測站,2019-05-01 07:40:00
C0C630,大溪,桃園市,大溪區,121.2569,24.8847,0,1,22,37,38,38,38,局屬無人測站,2019-05-01 07:40:00
C0C650,平鎮,桃園市,平鎮區,121.2064,24.8994,0,1,11.5,37.5,40,40,40,局屬無人測站,2019-05-01 07:40:00
C0D570,香山,新竹市,香山區,120.8973,24.7487,0,1.5,7,41.5,43.5,43.5,42.5,局屬無人測站,2019-05-01 07:40:00
A1AD60,貓空,臺北市,文山區,121.5871,24.9707,0,3,17,29.5,29.5,29.5,29.5,北市府大地工程處,2019-05-01 07:40:00
A1AC40,指南里,臺北市,文山區,121.5721,24.9833,0,3.5,19,30.5,30.5,30.5,30.5,北市府大地工程處,2019-05-01 07:40:00
A1AC70,挹翠山莊,臺北市,信義區,121.5662,25.0189,0.5,4.5,18.5,31,31,31,31,北市府大地工程處,2019-05-01 07:40:00
A1AD40,小油坑,臺北市,北投區,121.5406,25.1821,0,1.5,18,61.5,66.5,66.5,66.5,北市府大地工程處,2019-05-01 07:40:00
A1AD20,竹子湖,臺北市,北投區,121.5201,25.1701,0,1.5,16,52.5,57,57,57,北市府大地工程處,2019-05-01 07:40:00
A1AD50,劍南路,臺北市,中山區,121.5431,25.0917,0.5,4,14.5,35,36,36,36,北市府大地工程處,2019-05-01 07:40:00
A1AD80,貴子坑,臺北市,北投區,121.4816,25.1577,0,1,11,40,43.5,43.5,43.5,北市府大地工程處,2019-05-01 07:40:00
A1AD10,擎天崗,臺北市,士林區,121.5598,25.1651,0,3,23.5,52,56,56,56,北市府大地工程處,2019-05-01 07:40:00
A1AD00,菁山里,臺北市,士林區,121.5578,25.1458,0.5,1.5,10.5,34,37.5,37.5,37.5,北市府大地工程處,2019-05-01 07:40:00
A1AC80,明德樂園,臺北市,士林區,121.5575,25.1155,2.5,5.5,16.5,35.5,37.5,37.5,37.5,北市府大地工程處,2019-05-01 07:40:00
A1AC90,溪山里,臺北市,士林區,121.5807,25.1387,1.5,3,18.5,45,48.5,48.5,48.5,北市府大地工程處,2019-05-01 07:40:00
A1AD30,安泰里,臺北市,內湖區,121.6049,25.0894,1,3.5,16,29.5,30,30,30,北市府大地工程處,2019-05-01 07:40:00
A1AC60,九如里,臺北市,南港區,121.6034,25.0343,1,6,19,34.5,35,35,35,北市府大地工程處,2019-05-01 07:40:00
A1AD70,茶製場,臺北市,南港區,121.6551,25.0302,1,5.5,21,34,34,36,34,北市府大地工程處,2019-05-01 07:40:00
A1AC50,舊莊里,臺北市,南港區,121.6165,25.0358,0.5,5.5,18,33,33,33,33,北市府大地工程處,2019-05-01 07:40:00
C0C620,蘆竹,桃園市,蘆竹區,121.2575,25.0861,0,4,12.5,49,58.5,58.5,58,局屬無人測站,2019-05-01 07:40:00
C0D560,竹東,新竹縣,竹東鎮,121.0499,24.7693,0,3,34.5,58.5,59,59,59,局屬無人測站,2019-05-01 07:40:00
C0D550,雪霸,新竹縣,五峰鄉,121.1079,24.5287,0.5,3.5,42,47.5,47.5,47.5,47.5,局屬無人測站,2019-05-01 07:40:00
C0D540,橫山,新竹縣,橫山鄉,121.1087,24.7129,0.5,7.5,33,45.5,45.5,45.5,45.5,局屬無人測站,2019-05-01 07:40:00
C0C460,復興,桃園市,復興區,121.3441,24.8220,4,7.5,49.5,57,57,57.5,57,局屬無人測站,2019-05-01 07:40:00
C0C590,觀音,桃園市,觀音區,121.1451,25.0289,0,4.5,15.5,58.5,67.5,67.5,66,局屬無人測站,2019-05-01 07:40:00
C0D590,新豐,新竹縣,新豐鄉,120.9690,24.8724,0,2,5,39,45.5,45.5,43.5,局屬無人測站,2019-05-01 07:40:00
C0A560,福山,新北市,烏來區,121.4946,24.7783,1,2,18,19,19,19,19,局屬無人測站,2019-05-01 07:40:00
C0R370,佳樂水,屏東縣,滿州鄉,120.8367,21.9942,0,0,10.5,10.5,10.5,10.5,10.5,局屬無人測站,2019-05-01 07:40:00
C0S760,紅石,臺東縣,海端鄉,121.1200,23.0714,0,0,0.5,1,1,1,1,局屬無人測站,2019-05-01 07:40:00
C1U501,牛鬥,宜蘭縣,大同鄉,121.5653,24.6394,0.5,5.5,14.5,15,15,18,15,局屬無人測站,2019-05-01 07:40:00
L1A820,十三股,新北市,石碇區,121.6414,24.9458,0,1,15,21,21,21,21,翡翠水庫,2019-05-01 07:40:00
L1A810,九芎根,新北市,石碇區,121.6417,24.9042,0,3,17.5,21.5,21.5,21.5,21.5,翡翠水庫,2019-05-01 07:40:00
L1A830,坪林,新北市,坪林區,121.7056,24.9386,0.5,1.5,16,20.5,20.5,20.5,20.5,翡翠水庫,2019-05-01 07:40:00
L1A800,碧湖,新北市,坪林區,121.7375,24.8944,0,1.5,14,17,17,17,17,翡翠水庫,2019-05-01 07:40:00
L1A840,太平,新北市,雙溪區,121.8200,24.9736,0.5,2,15.5,20.5,20.5,20.5,20.5,翡翠水庫,2019-05-01 07:40:00
21D350,西丘斯山,新竹縣,尖石鄉,121.3500,24.5833,5,12,17,17,17,17,17,石門水庫,2019-05-01 07:40:00
21D170,鎮西堡,新竹縣,尖石鄉,121.3000,24.5667,0,11,35,36,36,36,36,石門水庫,2019-05-01 07:40:00
21C090,嘎拉賀,桃園市,復興區,121.4000,24.6333,1,8,27,27,27,27,27,石門水庫,2019-05-01 07:40:00
21U110,池端,宜蘭縣,大同鄉,121.4667,24.6333,1,6,22,22,22,22,22,石門水庫,2019-05-01 07:40:00
21C070,巴陵,桃園市,復興區,121.3833,24.6833,1,6,27,28,28,28,28,石門水庫,2019-05-01 07:40:00
21D150,玉峰,新竹縣,尖石鄉,121.3000,24.6667,0,10,41,41,41,41,41,石門水庫,2019-05-01 07:40:00
21C080,高義,桃園市,復興區,121.3500,24.7167,0,3,29,29,29,29,29,石門水庫,2019-05-01 07:40:00
21C140,霞雲,桃園市,復興區,121.3500,24.8000,2,6,37,42,43,43,42,石門水庫,2019-05-01 07:40:00
01A350,富貴角,新北市,石門區,121.5359,25.2903,0,1,10,66,84,84,83,水利署第10河川局,2019-05-01 07:40:00
01AF90,三貂嶺,新北市,瑞芳區,121.8124,25.0614,1,6,28,40,40,43,40,水利署第10河川局,2019-05-01 07:40:00
01AG00,社后橋,新北市,汐止區,121.6256,25.0651,0,3,20,32,32,32,32,水利署第10河川局,2019-05-01 07:40:00
01AG10,熊空山,新北市,三峽區,121.4438,24.8774,0,3,29,34,34,34,34,水利署第10河川局,2019-05-01 07:40:00
01A200,火燒寮,新北市,平溪區,121.7411,24.9829,0,2,19,24,32,41,24,水利署第10河川局,2019-05-01 07:40:00
01A380,瑞芳(2),新北市,瑞芳區,121.7951,25.1122,1,7,38,50,50,70,50,水利署第10河川局,2019-05-01 07:40:00
01A220,三峽,新北市,三峽區,121.3474,24.9407,1,3,21,35,35,35,35,水利署第10河川局,2019-05-01 07:40:00
01A130,石碇(2),新北市,石碇區,121.6497,24.9934,0,4,23,35,35,35,35,水利署第10河川局,2019-05-01 07:40:00
01A190,碧湖,新北市,坪林區,121.7374,24.8927,0,2,15,17,18,21,18,水利署第10河川局,2019-05-01 07:40:00
01A420,竹子湖,臺北市,士林區,121.5358,25.1641,0,1,18,44,48,48,48,水利署第10河川局,2019-05-01 07:40:00
01B030,五堵,基隆市,七堵區,121.6884,25.0808,0,4,30,42,42,50,42,水利署第10河川局,2019-05-01 07:40:00
01A410,中正橋,臺北市,中正區,121.5082,25.0237,1,8,16,29,29,29,29,水利署第10河川局,2019-05-01 07:40:00
01A170,坪林(4),新北市,坪林區,121.7021,24.9382,1,2,18,23,29,30,23,水利署第10河川局,2019-05-01 07:40:00
01A440,大桶山,新北市,烏來區,121.5548,24.8780,1,5,22,26,34,34,26,水利署第10河川局,2019-05-01 07:40:00
01A430,福山(3),新北市,烏來區,121.4892,24.7816,0,1,8,8,8,8,8,水利署第10河川局,2019-05-01 07:40:00
01A210,大豹,新北市,三峽區,121.4132,24.8891,1,3,29,37,37,37,37,水利署第10河川局,2019-05-01 07:40:00
01C400,石門後池,桃園市,龍潭區,121.2432,24.8262,1,3,33,43,43,43,43,水利署第10河川局,2019-05-01 07:40:00
A1AB80,雙溪,臺北市,士林區,121.5612,25.1154,3,5,15,32.5,34.5,34.5,34.5,北市府水利處,2019-05-01 07:40:00
A1AB70,奇岩,臺北市,北投區,121.4949,25.1257,1,4,12,35.5,38,38,38,北市府水利處,2019-05-01 07:40:00
A1AB60,福德,臺北市,士林區,121.5207,25.1012,2.5,7,15.5,35,37,37,37,北市府水利處,2019-05-01 07:40:00
A1AB50,建國,臺北市,中山區,121.5207,25.0740,2,6.5,19.5,38,39,39,39,北市府水利處,2019-05-01 07:40:00
A1AB40,玉成,臺北市,南港區,121.5743,25.0540,1,5,19,29,29,29,29,北市府水利處,2019-05-01 07:40:00
A1AB30,中洲,臺北市,士林區,121.4665,25.1071,0.5,3.5,9.5,24.5,26.5,26.5,26.5,北市府水利處,2019-05-01 07:40:00
A1AB20,雙園,臺北市,萬華區,121.4821,25.0321,1.5,10,22,37.5,38,38,38,北市府水利處,2019-05-01 07:40:00
A1AB10,埤腹,臺北市,文山區,121.5371,24.9882,0.5,7,26,39,39,39,39,北市府水利處,2019-05-01 07:40:00
A1AB00,北政國中,臺北市,文山區,121.5693,24.9862,0,4.5,20.5,32,32,32,32,北市府水利處,2019-05-01 07:40:00
A1AA90,博嘉國小,臺北市,文山區,121.5671,25.0040,0.5,4.5,21.5,34.5,34.5,34.5,34.5,北市府水利處,2019-05-01 07:40:00
A1AA80,市政中心,臺北市,信義區,121.5482,25.0407,0.5,5.5,17.5,29.5,29.5,29.5,29.5,北市府水利處,2019-05-01 07:40:00
A1AA70,舊莊國小,臺北市,南港區,121.6112,25.0418,0.5,5.5,18.5,31,31,31,31,北市府水利處,2019-05-01 07:40:00
A1AA60,留公國中,臺北市,信義區,121.5774,25.0390,0,4.5,16.5,28.5,28.5,28.5,28.5,北市府水利處,2019-05-01 07:40:00
A1AA50,東湖國小,臺北市,內湖區,121.6068,25.0710,0.5,3,16.5,26,26,26,26,北市府水利處,2019-05-01 07:40:00
A1AA40,碧湖國小,臺北市,內湖區,121.5835,25.0865,1,4,17.5,31,31,31,31,北市府水利處,2019-05-01 07:40:00
A1AA30,至善國中,臺北市,士林區,121.5474,25.1051,1.5,3.5,14,33.5,35,35,35,北市府水利處,2019-05-01 07:40:00
A1AA20,平等國小,臺北市,士林區,121.5682,25.1310,0.5,3,13.5,36.5,39.5,39.5,39.5,北市府水利處,2019-05-01 07:40:00
A1AA10,格致國中,臺北市,士林區,121.5374,25.1332,0.5,3.5,13,35.5,38.5,38.5,38.5,北市府水利處,2019-05-01 07:40:00
A1AA00,三興國小,臺北市,信義區,121.5499,25.0310,0,4.5,18.5,29.5,29.5,29.5,29.5,北市府水利處,2019-05-01 07:40:00
A1A9Z0,中正國中,臺北市,中正區,121.5137,25.0335,0.5,5.5,19,31.5,31.5,31.5,31.5,北市府水利處,2019-05-01 07:40:00
A1A9Y0,民生國中,臺北市,松山區,121.5585,25.0615,0.5,4,19,31,31,31,31,北市府水利處,2019-05-01 07:40:00
A1A9X0,太平國小,臺北市,大同區,121.5035,25.0635,0.5,7,20,37.5,38,38,38,北市府水利處,2019-05-01 07:40:00
A1A9W0,陽明高中,臺北市,士林區,121.5085,25.0943,0.5,5,13.5,34,35.5,35.5,35.5,北市府水利處,2019-05-01 07:40:00
A1A9V0,北投國小,臺北市,北投區,121.4907,25.1357,0.5,3,11.5,39,41,41,41,北市府水利處,2019-05-01 07:40:00
A1A9U0,桃源國中,臺北市,北投區,121.4687,25.1362,0,1.5,9.5,36.5,39.5,39.5,39.5,北市府水利處,2019-05-01 07:40:00
A1A9T0,大屯國小,臺北市,北投區,121.4957,25.1568,0,1,11,39,42,42,42,北市府水利處,2019-05-01 07:40:00
A1A9S0,湖田國小,臺北市,北投區,121.5307,25.1704,0,1,13,44,47.5,47.5,47.5,北市府水利處,2019-05-01 07:40:00
C0F9I0,神岡,臺中市,神岡區,120.6503,24.2742,0,0,59.5,61.5,62.5,62.5,62.5,局屬無人測站,2019-05-01 07:40:00
C0AC40,大屯山,臺北市,北投區,121.5142,25.1773,0,0.5,13,52,57,57.5,56.5,局屬無人測站,2019-05-01 07:40:00
C0U770,南澳,宜蘭縣,南澳鄉,121.8020,24.4512,0.5,5.5,7.5,7.5,7.5,7.5,7.5,局屬無人測站,2019-05-01 07:40:00
C0U760,東澳,宜蘭縣,南澳鄉,121.8250,24.5238,4,17,20.5,21,21.5,21.5,21,局屬無人測站,2019-05-01 07:40:00
C0T9D0,和中,花蓮縣,秀林鄉,121.7329,24.2686,1,5,5.5,5.5,16.5,16.5,5.5,局屬無人測站,2019-05-01 07:40:00
C0T9F0,水璉,花蓮縣,壽豐鄉,121.5342,23.7989,0,0,0,0,0,0,0,局屬無人測站,2019-05-01 07:40:00
C0T9I0,豐濱,花蓮縣,豐濱鄉,121.5067,23.5857,0,0,0,0,0,0,0,局屬無人測站,2019-05-01 07:40:00
C0T9H0,加路蘭山,花蓮縣,豐濱鄉,121.5192,23.6847,0,0,0,0,0,0,0,局屬無人測站,2019-05-01 07:40:00
C0T9E0,大坑,花蓮縣,壽豐鄉,121.5738,23.8824,0.5,0.5,0.5,0.5,0.5,0.5,0.5,局屬無人測站,2019-05-01 07:40:00
C0T9G0,鳳林山,花蓮縣,鳳林鎮,121.4120,23.7371,0,0,0,0,0,0,0,局屬無人測站,2019-05-01 07:40:00
C1S820,金峰,臺東縣,金峰鄉,120.9252,22.5928,0,0,0,2,2,2,2,局屬無人測站,2019-05-01 07:40:00
C0S790,金崙,臺東縣,太麻里鄉,120.9589,22.5400,0,0,0,1.5,1.5,1.5,1.5,局屬無人測站,2019-05-01 07:40:00
C0S840,南田,臺東縣,達仁鄉,120.8819,22.2919,0,0,1,2,2,2,2,局屬無人測站,2019-05-01 07:40:00
C1S800,華源,臺東縣,太麻里鄉,121.0156,22.6597,0,0,0,2,2,2,2,局屬無人測站,2019-05-01 07:40:00
C0U750,龜山島,宜蘭縣,頭城鎮,121.9449,24.8434,0.5,2,12.5,14,14,17,14,局屬無人測站,2019-05-01 07:40:00
C1M620,瑞里,嘉義縣,梅山鄉,120.6670,23.5469,1.5,8.5,10,19.5,19.5,20.5,19.5,局屬無人測站,2019-05-01 07:40:00
C1M610,石磐龍,嘉義縣,竹崎鄉,120.6550,23.4981,0,3,6,36.5,36.5,36.5,36.5,局屬無人測站,2019-05-01 07:40:00
C1M600,頭凍,嘉義縣,番路鄉,120.5953,23.4081,0,0,1,8.5,8.5,8.5,8.5,局屬無人測站,2019-05-01 07:40:00
C1I340,新興橋,南投縣,信義鄉,120.8597,23.5658,0,3.5,4.5,17.5,17.5,17.5,17.5,局屬無人測站,2019-05-01 07:40:00
C1I330,楓樹林,南投縣,仁愛鄉,121.0681,23.9886,1.5,11,13,24.5,25,31.5,25,局屬無人測站,2019-05-01 07:40:00
C1I320,奧萬大,南投縣,仁愛鄉,121.1704,23.9547,2.5,9,9.5,20,21.5,43.5,20,局屬無人測站,2019-05-01 07:40:00
C1I310,西巒,南投縣,信義鄉,120.8756,23.7564,0,0,0,1,3,3,3,局屬無人測站,2019-05-01 07:40:00
C1I290,豐丘,南投縣,信義鄉,120.8789,23.6700,0,0,0,3.5,3.5,3.5,3.5,局屬無人測站,2019-05-01 07:40:00
C1I280,埔中,南投縣,名間鄉,120.6347,23.8225,16,18,27,28.5,35,35,35,局屬無人測站,2019-05-01 07:40:00
C1I260,北坑,南投縣,埔里鎮,120.9989,23.9264,3.5,14.5,15,23,23.5,33.5,23.5,局屬無人測站,2019-05-01 07:40:00
C1I250,鯉潭,南投縣,埔里鎮,120.9831,23.9639,1.5,9.5,11,22.5,23.5,31.5,23.5,局屬無人測站,2019-05-01 07:40:00
C1I240,外大坪,南投縣,埔里鎮,120.9097,23.9606,4.5,11.5,12.5,24.5,26,26,26,局屬無人測站,2019-05-01 07:40:00
C1I220,樟湖,南投縣,國姓鄉,120.8392,23.9069,5.5,29.5,29.5,34.5,36,36,36,局屬無人測站,2019-05-01 07:40:00
C1I211,蘆竹湳,南投縣,中寮鄉,120.8039,23.9358,10,33,33,39.5,40.5,40.5,40.5,局屬無人測站,2019-05-01 07:40:00
C1I201,中心崙,南投縣,竹山鎮,120.7042,23.7303,0,0,1,2.5,7,7,7,局屬無人測站,2019-05-01 07:40:00
C1F9H1,烏石坑,臺中市,和平區,120.9375,24.2808,0,12,29.5,35,35,35,35,局屬無人測站,2019-05-01 07:40:00
C1F9G1,慶福山,臺中市,東勢區,120.8397,24.1828,0.5,27,39.5,43,45,45,45,局屬無人測站,2019-05-01 07:40:00
C1E721,泰安,苗栗縣,泰安鄉,120.9594,24.4906,0,1,50,52,52,52,52,局屬無人測站,2019-05-01 07:40:00
C1E711,馬拉邦山,苗栗縣,大湖鄉,120.8933,24.3692,0,10,43.5,49.5,50,50,50,局屬無人測站,2019-05-01 07:40:00
C1E701,八卦,苗栗縣,泰安鄉,120.9194,24.4936,0.5,1,68,71,71,71,71,局屬無人測站,2019-05-01 07:40:00
C1E691,南湖,苗栗縣,大湖鄉,120.8294,24.4028,0,0,45.5,48.5,51,51,51,局屬無人測站,2019-05-01 07:40:00
C1E681,南勢山,苗栗縣,泰安鄉,120.9156,24.4236,0,0.5,36.5,40.5,41,41,41,局屬無人測站,2019-05-01 07:40:00
C1F9F1,伯公龍,臺中市,東勢區,120.8411,24.2742,0,0.5,28.5,30,30,30,30,局屬無人測站,2019-05-01 07:40:00
C1F9E1,龍安,臺中市,新社區,120.8239,24.1619,1.5,34.5,54,61.5,64,64,64,局屬無人測站,2019-05-01 07:40:00
C1F9D1,白毛台,臺中市,新社區,120.8789,24.1600,9.5,34.5,46.5,51.5,52,52,52,局屬無人測站,2019-05-01 07:40:00
C1F9C1,白冷,臺中市,和平區,120.9217,24.1844,7,17,25,31.5,32.5,33,32.5,局屬無人測站,2019-05-01 07:40:00
C1F9B1,桐林,臺中市,霧峰區,120.7272,24.0681,0,21,37,42.5,44.5,44.5,44.5,局屬無人測站,2019-05-01 07:40:00
C1F9J1,清水林,臺中市,太平區,120.8122,24.0733,0.5,30.5,37,40,42.5,42.5,42.5,局屬無人測站,2019-05-01 07:40:00
C0F9A0,中竹林,臺中市,太平區,120.7433,24.1056,0,39,57.5,60,61,61,61,局屬無人測站,2019-05-01 07:40:00
C1E670,南礦,苗栗縣,南庄鄉,120.9947,24.5403,0,0.5,65.5,68.5,69.5,70,69.5,局屬無人測站,2019-05-01 07:40:00
C0T9B0,水源,花蓮縣,秀林鄉,121.5292,23.9936,1,5,5.5,5.5,5.5,5.5,5.5,局屬無人測站,2019-05-01 07:40:00
C0T9A0,月眉山,花蓮縣,壽豐鄉,121.5317,23.8117,0,0,0,0,0,0,0,局屬無人測站,2019-05-01 07:40:00
C0T790,大禹嶺,花蓮縣,秀林鄉,121.3078,24.1879,1,6,17,21,21,21,21,局屬無人測站,2019-05-01 07:40:00
C1A9N0,四十份,新北市,新店區,121.5850,24.9358,0,3,18.5,25,29.5,30.5,25,局屬無人測站,2019-05-01 07:40:00
C0AC60,三峽,新北市,三峽區,121.3615,24.9408,0,2,19,33,33.5,33.5,33.5,局屬無人測站,2019-05-01 07:40:00
C0AH00,汐止,新北市,汐止區,121.6506,25.0687,0.5,3.5,21.5,35,35,36,35,局屬無人測站,2019-05-01 07:40:00
C0A550,泰平,新北市,雙溪區,121.8153,24.9731,0,2,15,21,23,26,21,局屬無人測站,2019-05-01 07:40:00
C0A540,四堵,新北市,坪林區,121.7375,24.8944,0,1,13.5,18,18.5,23,18,局屬無人測站,2019-05-01 07:40:00
C0A530,坪林,新北市,坪林區,121.7015,24.9400,0.5,1.5,17.5,23.5,27.5,30.5,23.5,局屬無人測站,2019-05-01 07:40:00
C1R290,石門山,屏東縣,牡丹鄉,120.7417,22.1167,1,1,5,9,9,9,9,局屬無人測站,2019-05-01 07:40:00
C0R420,牡丹池山,屏東縣,牡丹鄉,120.8325,22.1696,0,0.5,3,13,13,13,13,局屬無人測站,2019-05-01 07:40:00
C0AC70,信義,臺北市,信義區,121.5564,25.0396,0.5,6,20,33,33,33,33,局屬無人測站,2019-05-01 07:40:00
C0A9F0,內湖,臺北市,內湖區,121.5672,25.0812,1,5,18.5,33.5,34,34,34,局屬無人測站,2019-05-01 07:40:00
C0A9E0,士林,臺北市,士林區,121.4948,25.0920,1,5.5,14,37,39,39,39,局屬無人測站,2019-05-01 07:40:00
C0A9C0,天母,臺北市,士林區,121.5289,25.1193,1,7,17.5,37.5,40.5,40.5,40.5,局屬無人測站,2019-05-01 07:40:00
C0A9B0,石牌,臺北市,北投區,121.5059,25.1176,1,6,16.5,35,38,38,38,局屬無人測站,2019-05-01 07:40:00
C0A9A0,大直,臺北市,中山區,121.5347,25.0797,1,4,18.5,36.5,37.5,37.5,37.5,局屬無人測站,2019-05-01 07:40:00
C0A980,社子,臺北市,士林區,121.4614,25.1114,0,4,13,37.5,40.5,40.5,40.5,局屬無人測站,2019-05-01 07:40:00
C0R400,楓港,屏東縣,枋山鄉,120.6847,22.1917,0,0.5,1,11,11,11,11,局屬無人測站,2019-05-01 07:40:00
C0R380,枋寮,屏東縣,枋寮鄉,120.5816,22.3712,0,0,1,15.5,15.5,15.5,15.5,局屬無人測站,2019-05-01 07:40:00
C0R360,墾丁,屏東縣,恆春鎮,120.7942,21.9478,0,0.5,21.5,21.5,21.5,21.5,21.5,局屬無人測站,2019-05-01 07:40:00
C0R270,琉球嶼,屏東縣,琉球鄉,120.3542,22.3340,0,0.5,2,16.5,16.5,16.5,16.5,局屬無人測站,2019-05-01 07:40:00
C0R350,貓鼻頭,屏東縣,恆春鎮,120.7278,21.9236,0,0,13.5,13.5,13.5,13.5,13.5,局屬無人測站,2019-05-01 07:40:00
C1R340,牡丹,屏東縣,牡丹鄉,120.7846,22.1318,0,0,5,9,9,9,9,局屬無人測站,2019-05-01 07:40:00
C1R330,枋山,屏東縣,枋山鄉,120.6531,22.2486,0,0,0.5,6,6,6,6,局屬無人測站,2019-05-01 07:40:00
C1R320,車城,屏東縣,車城鄉,120.7081,22.0758,0,1,3,3,3,3,3,局屬無人測站,2019-05-01 07:40:00
C1S880,壽卡,臺東縣,達仁鄉,120.8509,22.2406,0,0,3,6,6,6,6,局屬無人測站,2019-05-01 07:40:00
C1R300,旭海,屏東縣,牡丹鄉,120.8796,22.1964,0,0,1,5,5,5,5,局屬無人測站,2019-05-01 07:40:00
C0R280,檳榔,屏東縣,滿州鄉,120.8288,22.0779,1.5,3,4.5,4.5,4.5,4.5,4.5,局屬無人測站,2019-05-01 07:40:00
C1R250,力里,屏東縣,春日鄉,120.6212,22.4298,0,0,4,23,23,23,23,局屬無人測站,2019-05-01 07:40:00
C0Z070,舞鶴,花蓮縣,瑞穗鄉,121.3658,23.4697,0,0,0,0,0,0,0,局屬無人測站,2019-05-01 07:40:00
C0S770,大溪山,臺東縣,太麻里鄉,120.9353,22.4800,0,0,0,0.5,0.5,0.5,0.5,局屬無人測站,2019-05-01 07:40:00
C0Z061,玉里,花蓮縣,玉里鎮,121.3316,23.3233,0,0,0,0,0,0,0,局屬無人測站,2019-05-01 07:40:00
C0Z050,佳心,花蓮縣,卓溪鄉,121.2051,23.3475,0,0,0,0,0,0,0,局屬無人測站,2019-05-01 07:40:00
C0S750,向陽,臺東縣,海端鄉,120.9781,23.2500,0,1,5,16.5,16.5,16.5,16.5,局屬無人測站,2019-05-01 07:40:00
C0S740,池上,臺東縣,池上鄉,121.2017,23.1214,0,0,0.5,1,1,1,1,局屬無人測站,2019-05-01 07:40:00
C0S730,綠島,臺東縣,綠島鄉,121.4673,22.6690,0,0,0,1.5,1.5,1.5,1.5,局屬無人測站,2019-05-01 07:40:00
C0T9M0,靜浦,花蓮縣,豐濱鄉,121.4867,23.4569,0,0,0,0,0,0,0,局屬無人測站,2019-05-01 07:40:00
C0S710,鹿野,臺東縣,鹿野鄉,121.1149,22.9195,0,0,0,0,0,0,0,局屬無人測站,2019-05-01 07:40:00
C0S700,知本,臺東縣,卑南鄉,120.9976,22.6867,0,0,0,1,1,1,1,局屬無人測站,2019-05-01 07:40:00
C0S690,太麻里,臺東縣,太麻里鄉,120.9773,22.6108,0,0,0,2,2,2,2,局屬無人測站,2019-05-01 07:40:00
C1S670,摩天,臺東縣,海端鄉,121.0192,23.2011,0,0,2.5,6,6,6,6,局屬無人測站,2019-05-01 07:40:00
C1Z040,立山,花蓮縣,卓溪鄉,121.3192,23.4450,0,0,0,0,0,0,0,局屬無人測站,2019-05-01 07:40:00
C1Z030,紅葉,花蓮縣,萬榮鄉,121.3306,23.4950,0,0,0,0,3.5,3.5,0,局屬無人測站,2019-05-01 07:40:00
C0Z020,明里,花蓮縣,富里鄉,121.2542,23.2106,0,0,0,0,0,0,0,局屬無人測站,2019-05-01 07:40:00
C1T990,高寮,花蓮縣,玉里鎮,121.3486,23.3961,0,0,0,0,0,0,0,局屬無人測站,2019-05-01 07:40:00
C0S830,長濱,臺東縣,長濱鄉,121.4039,23.2886,0,0,0,0,0,0,0,局屬無人測站,2019-05-01 07:40:00
C0S810,東河,臺東縣,東河鄉,121.2983,22.9736,0,0,0,0,0,0,0,局屬無人測站,2019-05-01 07:40:00
C1S620,土阪,臺東縣,達仁鄉,120.8794,22.4547,0,0,1.5,2.5,2.5,2.5,2.5,局屬無人測站,2019-05-01 07:40:00
C0T960,光復,花蓮縣,光復鄉,121.4168,23.6625,0,0,0,0,0,0,0,局屬無人測站,2019-05-01 07:40:00
C0T870,鯉魚潭,花蓮縣,壽豐鄉,121.5008,23.9374,0.5,3.5,3.5,3.5,3.5,3.5,3.5,局屬無人測站,2019-05-01 07:40:00
C0T820,天祥,花蓮縣,秀林鄉,121.4875,24.1814,1,7.5,9.5,10,10,10,10,局屬無人測站,2019-05-01 07:40:00
C1T830,布洛灣,花蓮縣,秀林鄉,121.5631,24.1736,1,6,7.5,8,8,8,8,局屬無人測站,2019-05-01 07:40:00
C1T970,大農,花蓮縣,光復鄉,121.4052,23.6170,0,0,0,0,0,0,0,局屬無人測站,2019-05-01 07:40:00
C1T950,太安,花蓮縣,萬榮鄉,121.3619,23.6686,0,0,0.5,0.5,0.5,0.5,0.5,局屬無人測站,2019-05-01 07:40:00
C1T940,大觀,花蓮縣,萬榮鄉,121.3650,23.7161,0,0,0,0,0,0,0,局屬無人測站,2019-05-01 07:40:00
C0T900,西林,花蓮縣,萬榮鄉,121.4332,23.8137,0,0,0,0,0,0,0,局屬無人測站,2019-05-01 07:40:00
C1T920,中興,花蓮縣,壽豐鄉,121.4905,23.7713,0,0,0,0,0,0,0,局屬無人測站,2019-05-01 07:40:00
C1T980,龍澗,花蓮縣,秀林鄉,121.4033,24.0250,2,7,10.5,12,12,12.5,12,局屬無人測站,2019-05-01 07:40:00
C1T800,洛韶,花蓮縣,秀林鄉,121.4458,24.2064,1.5,12.5,18,19,19,19,19,局屬無人測站,2019-05-01 07:40:00
C1T810,慈恩,花蓮縣,秀林鄉,121.3803,24.1939,1,6.5,14,15.5,15.5,15.5,15.5,局屬無人測站,2019-05-01 07:40:00
C0U710,太平山,宜蘭縣,大同鄉,121.5175,24.5072,1,5.5,10,10.5,10.5,10.5,10.5,局屬無人測站,2019-05-01 07:40:00
C0U650,玉蘭,宜蘭縣,大同鄉,121.5789,24.6772,0,4,15,15.5,15.5,15.5,15.5,局屬無人測站,2019-05-01 07:40:00
C0U600,礁溪,宜蘭縣,礁溪鄉,121.7574,24.8193,0,1.5,23.5,24.5,24.5,26,24.5,局屬無人測站,2019-05-01 07:40:00
C0A970,三貂角,新北市,貢寮區,121.9939,25.0094,0.5,1.5,18,31,32,33,31.5,局屬無人測站,2019-05-01 07:40:00
C0U520,雙連埤,宜蘭縣,員山鄉,121.6331,24.7547,0,2,18,19.5,19.5,19.5,19.5,局屬無人測站,2019-05-01 07:40:00
C1U670,寒溪,宜蘭縣,冬山鄉,121.7087,24.6358,0.5,6,15,15,15,15,15,局屬無人測站,2019-05-01 07:40:00
C1U690,新寮,宜蘭縣,冬山鄉,121.7431,24.6275,1,7.5,16.5,16.5,16.5,16.5,16.5,局屬無人測站,2019-05-01 07:40:00
C0A940,金山,新北市,金山區,121.6356,25.2253,0.5,2,22,79,84,84,84,局屬無人測站,2019-05-01 07:40:00
C0A930,三和,新北市,金山區,121.5870,25.2349,0.5,4,24.5,76,85,86,84,局屬無人測站,2019-05-01 07:40:00
C0A890,雙溪,新北市,雙溪區,121.8561,25.0379,0.5,3,20,27,27,32,27,局屬無人測站,2019-05-01 07:40:00
C0A880,福隆,新北市,貢寮區,121.9342,25.0192,0.5,1.5,16,27.5,28.5,31,27.5,局屬無人測站,2019-05-01 07:40:00
C0A870,五指山,新北市,汐止區,121.6003,25.1339,2,5,20.5,38.5,40.5,40.5,40.5,局屬無人測站,2019-05-01 07:40:00
C0A860,大坪,新北市,萬里區,121.6248,25.1677,0.5,5.5,30,57,59.5,59.5,59.5,局屬無人測站,2019-05-01 07:40:00
C0A950,鼻頭角,新北市,瑞芳區,121.9153,25.1308,0,0.5,9,19,19,27,19,局屬無人測站,2019-05-01 07:40:00
C0A920,富貴角,新北市,石門區,121.5573,25.2656,0.5,8.5,24.5,76,89,89,88,局屬無人測站,2019-05-01 07:40:00
C0X080,佳里,臺南市,佳里區,120.1367,23.1750,0,1,1,8.5,17.5,17.5,17.5,局屬無人測站,2019-05-01 07:40:00
C0K291,宜梧,雲林縣,口湖鄉,120.1612,23.5380,0,0,0.5,1.5,1.5,1.5,1.5,局屬無人測站,2019-05-01 07:40:00
C0K280,四湖,雲林縣,四湖鄉,120.2172,23.6311,0,0,3.5,3.5,8,8,8,局屬無人測站,2019-05-01 07:40:00
C0K330,虎尾,雲林縣,虎尾鎮,120.4339,23.7209,5.5,7,10.5,10.5,26,26,26,局屬無人測站,2019-05-01 07:40:00
C0M530,奮起湖,嘉義縣,竹崎鄉,120.6911,23.4958,0,6,8.5,35,35,35,35,局屬無人測站,2019-05-01 07:40:00
C1I140,卡奈托灣,南投縣,信義鄉,121.0797,23.7561,0,0,0,0.5,0.5,1,0.5,局屬無人測站,2019-05-01 07:40:00
C1I150,青雲,南投縣,信義鄉,120.9411,23.8008,0.5,1,1,4,5,5,5,局屬無人測站,2019-05-01 07:40:00
C1M480,獨立山,嘉義縣,竹崎鄉,120.5994,23.5386,0.5,10.5,13.5,25.5,25.5,25.5,25.5,局屬無人測站,2019-05-01 07:40:00
C0X050,東河,臺南市,東山區,120.3775,23.2983,0,0,0,0,12.5,12.5,12.5,局屬無人測站,2019-05-01 07:40:00
C0M520,東後寮,嘉義縣,義竹鄉,120.2399,23.3716,0,4,12.5,14,22.5,22.5,22.5,局屬無人測站,2019-05-01 07:40:00
C0X060,下營,臺南市,下營區,120.2482,23.2287,0,0,0,0.5,6,6,6,局屬無人測站,2019-05-01 07:40:00
C0X290,北門,臺南市,北門區,120.1174,23.2695,0,0,0,0,4,4,4,局屬無人測站,2019-05-01 07:40:00
C1X040,東原,臺南市,東山區,120.4553,23.2931,0,0,0,1.5,15.5,15.5,15.5,局屬無人測站,2019-05-01 07:40:00
C0I010,廬山,南投縣,仁愛鄉,121.1733,24.0350,2.5,10,18.5,32,32,32.5,32,局屬無人測站,2019-05-01 07:40:00
C0H990,昆陽,南投縣,仁愛鄉,121.2654,24.1231,0,5,13.5,16,21.5,24.5,16,局屬無人測站,2019-05-01 07:40:00
C1I050,丹大,南投縣,信義鄉,121.1328,23.7556,0,0,0,1,1,1,1,局屬無人測站,2019-05-01 07:40:00
C1I070,和社,南投縣,信義鄉,120.8808,23.5925,0,3.5,5,17.5,18,18,17.5,局屬無人測站,2019-05-01 07:40:00
C1I020,萬大,南投縣,仁愛鄉,121.1240,23.9816,2.5,12.5,13.5,21,22,35,21.5,局屬無人測站,2019-05-01 07:40:00
C1H000,翠峰,南投縣,仁愛鄉,121.1970,24.1112,1,6.5,19,24,28.5,32.5,24,局屬無人測站,2019-05-01 07:40:00
C1I030,武界,南投縣,仁愛鄉,121.0442,23.9147,4,9.5,10,17.5,21,38.5,18,局屬無人測站,2019-05-01 07:40:00
C0G650,員林,彰化縣,員林市,120.5775,23.9483,0,37,41.5,42,43,43,43,局屬無人測站,2019-05-01 07:40:00
C0G640,鹿港,彰化縣,鹿港鎮,120.4222,24.0769,0,0,37.5,37.5,37.5,38,37.5,局屬無人測站,2019-05-01 07:40:00
C0I090,鳳凰,南投縣,鹿谷鄉,120.7792,23.7297,0,0,0,1.5,3.5,3.5,3.5,局屬無人測站,2019-05-01 07:40:00
C0K240,草嶺,雲林縣,古坑鄉,120.6853,23.5973,0,0.5,0.5,6,6,6,6,局屬無人測站,2019-05-01 07:40:00
C0I110,竹山,南投縣,竹山鎮,120.6778,23.7647,0,1,1.5,4,13.5,13.5,13.5,局屬無人測站,2019-05-01 07:40:00
C0F000,大肚,臺中市,大肚區,120.5640,24.1547,0,0,38.5,38.5,39,39.5,39,局屬無人測站,2019-05-01 07:40:00
C0G660,溪湖,彰化縣,溪湖鎮,120.4711,23.9518,0,32,52,52.5,57.5,57.5,57.5,局屬無人測站,2019-05-01 07:40:00
C0F9X0,大雅,臺中市,大雅區,120.6162,24.2171,0.5,0.5,42.5,43.5,47.5,47.5,47.5,局屬無人測站,2019-05-01 07:40:00
C1G690,下水埔,彰化縣,溪州鄉,120.5594,23.8178,21,40,49.5,49.5,51,51,51,局屬無人測站,2019-05-01 07:40:00
C1I101,溪頭,南投縣,鹿谷鄉,120.7992,23.6631,0,0,0.5,3.5,4,4,4,局屬無人測站,2019-05-01 07:40:00
C1I131,桶頭,南投縣,竹山鎮,120.6456,23.6442,0,0,0,1.5,1.5,1.5,1.5,局屬無人測站,2019-05-01 07:40:00
C1I121,大鞍,南投縣,竹山鎮,120.7517,23.6803,0,0,0.5,1.5,2,2,2,局屬無人測站,2019-05-01 07:40:00
C0H9A0,神木村,南投縣,信義鄉,120.8356,23.5345,1,4.5,5.5,25,25,25.5,25,局屬無人測站,2019-05-01 07:40:00
C0H960,草屯,南投縣,草屯鎮,120.6722,23.9754,0,29.5,32.5,34,34.5,34.5,34.5,局屬無人測站,2019-05-01 07:40:00
C1H971,六分寮,南投縣,南投市,120.6297,23.9268,2,42,43,44.5,46.5,46.5,46.5,局屬無人測站,2019-05-01 07:40:00
C0G620,芬園,彰化縣,芬園鄉,120.6131,24.0172,0,19.5,32,32.5,36,36,36,局屬無人測站,2019-05-01 07:40:00
C0F970,大坑,臺中市,北屯區,120.7141,24.1749,0,2,44.5,51.5,55,55,55,局屬無人測站,2019-05-01 07:40:00
C1H860,瑞岩,南投縣,仁愛鄉,121.1750,24.1256,2,10,28,38,42.5,44,38.5,局屬無人測站,2019-05-01 07:40:00
C0H950,中寮,南投縣,中寮鄉,120.7585,23.8863,8,35,35,38,39,39,39,局屬無人測站,2019-05-01 07:40:00
C1H941,雙冬,南投縣,草屯鎮,120.7942,23.9692,9,24.5,24.5,28,29.5,29.5,29.5,局屬無人測站,2019-05-01 07:40:00
C1H920,長豐,南投縣,國姓鄉,120.8717,24.1039,2.5,37,51.5,58,60,60,60,局屬無人測站,2019-05-01 07:40:00
C1H900,清流,南投縣,仁愛鄉,120.9547,24.0828,2,24.5,33,38.5,39,39,39,局屬無人測站,2019-05-01 07:40:00
C0R220,潮州,屏東縣,潮州鎮,120.5320,22.5361,0,0,6,33.5,33.5,33.5,33.5,局屬無人測站,2019-05-01 07:40:00
C0V250,甲仙,高雄市,甲仙區,120.5825,23.0817,0,0,5,23.5,23.5,23.5,23.5,局屬無人測站,2019-05-01 07:40:00
C0R150,三地門,屏東縣,內埔鄉,120.6319,22.7117,0,0,1.5,9,9,9,9,局屬無人測站,2019-05-01 07:40:00
C0R100,尾寮山,屏東縣,三地門鄉,120.6758,22.8349,0,0,7,8,8,8,8,局屬無人測站,2019-05-01 07:40:00
C0V310,美濃,高雄市,美濃區,120.5111,22.9006,0,0,0.5,6.5,6.5,6.5,6.5,局屬無人測站,2019-05-01 07:40:00
C0V370,古亭坑,高雄市,田寮區,120.3939,22.8950,0,0,1,2.5,4.5,4.5,4.5,局屬無人測站,2019-05-01 07:40:00
C1V160,達卡努瓦,高雄市,那瑪夏區,120.6972,23.2817,0,0,0,6,6.5,6.5,6.5,局屬無人測站,2019-05-01 07:40:00
C1I440,新高口,南投縣,信義鄉,120.8707,23.4805,0,1.5,2.5,3.5,3.5,4,3.5,局屬無人測站,2019-05-01 07:40:00
C1V170,排雲,高雄市,桃源區,120.9460,23.4651,0.5,3.5,5,14.5,14.5,14.5,14.5,局屬無人測站,2019-05-01 07:40:00
C1V190,南天池,高雄市,桃源區,120.9036,23.2758,0,1,2.5,15,15,15,15,局屬無人測站,2019-05-01 07:40:00
C1V200,梅山,高雄市,桃源區,120.8154,23.2703,0,0,1,11.5,11.5,11.5,11.5,局屬無人測站,2019-05-01 07:40:00
C1V220,小關山,高雄市,桃源區,120.8053,23.1558,0,0,8.5,26,26,26,26,局屬無人測站,2019-05-01 07:40:00
C1V230,高中,高雄市,桃源區,120.7086,23.1366,0,0,10.5,22.5,22.5,22.5,22.5,局屬無人測站,2019-05-01 07:40:00
C1N001,沙崙,臺南市,歸仁區,120.3013,22.9373,0,0,2,2,7,7,7,局屬無人測站,2019-05-01 07:40:00
C1R110,口社,屏東縣,三地門鄉,120.6372,22.7719,0,0,7.5,18.5,18.5,18.5,18.5,局屬無人測站,2019-05-01 07:40:00
C1V340,大津,高雄市,六龜區,120.6381,22.8900,0,0,0,2.5,2.5,2.5,2.5,局屬無人測站,2019-05-01 07:40:00
C1V300,御油山,高雄市,桃源區,120.7069,23.0039,0,0,0,19,20,21,19,局屬無人測站,2019-05-01 07:40:00
C0R590,里港,屏東縣,里港鄉,120.4865,22.7810,0,0,8,11.5,12,12,12,局屬無人測站,2019-05-01 07:40:00
C1V390,尖山,高雄市,燕巢區,120.3597,22.8150,0,0,9.5,11,12,12,12,局屬無人測站,2019-05-01 07:40:00
C1R120,上德文,屏東縣,三地門鄉,120.6964,22.7650,0,0,10.5,22,22,22,22,局屬無人測站,2019-05-01 07:40:00
C0O930,玉井,臺南市,玉井區,120.4525,23.1278,0,0,0,43.5,45,45,45,局屬無人測站,2019-05-01 07:40:00
C0O810,曾文,臺南市,楠西區,120.4892,23.2215,0,0,0,4,8.5,8.5,8.5,局屬無人測站,2019-05-01 07:40:00
C0O900,善化,臺南市,善化區,120.2894,23.1144,0,0,0,16.5,24,24,24,局屬無人測站,2019-05-01 07:40:00
C0M850,表湖,嘉義縣,大埔鄉,120.6336,23.2436,0,0,0,6,8.5,8.5,8.5,局屬無人測站,2019-05-01 07:40:00
C0M410,馬頭山,嘉義縣,大埔鄉,120.5736,23.3264,0,0,0.5,1,8,8,8,局屬無人測站,2019-05-01 07:40:00
C1M390,龍美,嘉義縣,番路鄉,120.6458,23.4078,0,0.5,1.5,8.5,11.5,11.5,11.5,局屬無人測站,2019-05-01 07:40:00
C1O920,楠西,臺南市,楠西區,120.4766,23.1841,0,0,0,9.5,11,11,11,局屬無人測站,2019-05-01 07:40:00
C1O880,關山,臺南市,南化區,120.5858,23.1750,0,0,2.5,19,19.5,19.5,19.5,局屬無人測站,2019-05-01 07:40:00
C1M400,菜瓜坪,嘉義縣,大埔鄉,120.5683,23.2536,0,0,0.5,7,12.5,12.5,12.5,局屬無人測站,2019-05-01 07:40:00
C1O870,大棟山,臺南市,白河區,120.5142,23.3133,0,0.5,0.5,1,9,9,9,局屬無人測站,2019-05-01 07:40:00
C0H9C0,合歡山,南投縣,仁愛鄉,121.2641,24.1448,1,7.5,23.5,33.5,42,42.5,34,局屬無人測站,2019-05-01 07:40:00
C0F860,梨山,臺中市,和平區,121.2377,24.2450,1.5,13.5,22.5,25,25.5,26,25.5,局屬無人測站,2019-05-01 07:40:00
C1H9B1,阿眉,南投縣,仁愛鄉,120.9861,24.1278,8.5,32,48,53,54,54,54,局屬無人測站,2019-05-01 07:40:00
C1F871,上谷關,臺中市,和平區,121.0105,24.2034,4.5,7.5,18,24,28,28,25,局屬無人測站,2019-05-01 07:40:00
C1F891,稍來,臺中市,和平區,120.9931,24.2675,0.5,20,37.5,50,52.5,52.5,52.5,局屬無人測站,2019-05-01 07:40:00
C1F911,新伯公,臺中市,東勢區,120.8328,24.2233,0,4.5,18,29,31,31,31,局屬無人測站,2019-05-01 07:40:00
C0F0B0,石岡,臺中市,石岡區,120.7695,24.2778,0,0,46,48.5,53,53,53,局屬無人測站,2019-05-01 07:40:00
C0F850,東勢,臺中市,東勢區,120.8249,24.2482,0,3,23.5,27.5,28.5,28.5,28.5,局屬無人測站,2019-05-01 07:40:00
C0F930,大甲,臺中市,大甲區,120.6324,24.3499,0,0,29,34,37,39.5,37,局屬無人測站,2019-05-01 07:40:00
C1E461,松安,苗栗縣,泰安鄉,120.9778,24.3994,0,12.5,55.5,64.5,64.5,64.5,64.5,局屬無人測站,2019-05-01 07:40:00
C1E511,新開,苗栗縣,大湖鄉,120.8189,24.3494,0,4.5,41,45.5,45.5,45.5,45.5,局屬無人測站,2019-05-01 07:40:00
C1E451,象鼻,苗栗縣,泰安鄉,120.9322,24.3703,0,15,52.5,60,60,60,60,局屬無人測站,2019-05-01 07:40:00
C1F941,雪嶺,臺中市,和平區,121.0186,24.2825,0,16,34,47.5,50,50,50,局屬無人測站,2019-05-01 07:40:00
C0E530,三義,苗栗縣,三義鄉,120.7578,24.4128,0,0,50.5,54.5,61,61,61,局屬無人測站,2019-05-01 07:40:00
C0E610,馬都安,苗栗縣,泰安鄉,120.9219,24.4531,0,0,44,47.5,47.5,47.5,47.5,局屬無人測站,2019-05-01 07:40:00
C0D360,梅花,新竹縣,尖石鄉,121.2004,24.6801,1.5,6,47,49,49,49,49,局屬無人測站,2019-05-01 07:40:00
C0E430,南庄,苗栗縣,南庄鄉,120.9921,24.6032,0,1.5,64.5,69,70,70,70,局屬無人測站,2019-05-01 07:40:00
C0E420,竹南,苗栗縣,竹南鎮,120.8808,24.7108,0,2,22,62.5,63,63,62.5,局屬無人測站,2019-05-01 07:40:00
C0D480,打鐵坑,新竹縣,新埔鎮,121.1426,24.8518,0.5,0.5,18,49.5,50.5,50.5,50.5,局屬無人測站,2019-05-01 07:40:00
C1E601,南勢,苗栗縣,後龍鎮,120.7264,24.5744,0.5,4.5,21.5,57,59,59,57.5,局屬無人測站,2019-05-01 07:40:00
C0E590,通霄,苗栗縣,通霄鎮,120.6964,24.4736,0,0.5,19,21,27,28.5,25.5,局屬無人測站,2019-05-01 07:40:00
C0E550,明德,苗栗縣,頭屋鄉,120.8772,24.5853,0.5,3.5,47,67,67.5,67.5,67.5,局屬無人測站,2019-05-01 07:40:00
C0E540,後龍,苗栗縣,後龍鎮,120.7756,24.6081,1,4,17.5,56,58,58,57.5,局屬無人測站,2019-05-01 07:40:00
C0E520,大湖,苗栗縣,大湖鄉,120.8627,24.4167,0,0,41.5,46.5,48.5,48.5,48.5,局屬無人測站,2019-05-01 07:40:00
C1E480,鳳美,苗栗縣,南庄鄉,121.0261,24.5567,0.5,2.5,57.5,59.5,59.5,59.5,59.5,局屬無人測站,2019-05-01 07:40:00
C1D420,太閣南,新竹縣,五峰鄉,121.1522,24.6347,0.5,3.5,50,52,52,52,52,局屬無人測站,2019-05-01 07:40:00
C1D410,白蘭,新竹縣,五峰鄉,121.0718,24.5811,0,2,65,67,67,67,67,局屬無人測站,2019-05-01 07:40:00
C0E850,大河,苗栗縣,三灣鄉,120.9406,24.6198,0,2.5,45.5,60.5,61,61,60.5,局屬無人測站,2019-05-01 07:40:00
C0D430,峨眉,新竹縣,峨眉鄉,121.0091,24.6924,0,3,23,45.5,45.5,45.5,45.5,局屬無人測站,2019-05-01 07:40:00
C1D400,鳥嘴山,新竹縣,尖石鄉,121.2757,24.7209,4,8,35.5,37,37,37,37,局屬無人測站,2019-05-01 07:40:00
C0D390,關西,新竹縣,關西鎮,121.1657,24.8001,0.5,3.5,38.5,50.5,51,51,51,局屬無人測站,2019-05-01 07:40:00
C1D380,新埔,新竹縣,新埔鎮,121.0301,24.8492,0,1,9,58,60.5,60.5,59.5,局屬無人測站,2019-05-01 07:40:00
C0C490,八德,桃園市,八德區,121.2750,24.9305,0,1.5,18.5,44.5,46,46,46,局屬無人測站,2019-05-01 07:40:00
C1C510,水尾,桃園市,楊梅區,121.0789,24.9419,0.5,5,12.5,41,48,48,46.5,局屬無人測站,2019-05-01 07:40:00
C0C480,桃園,桃園市,桃園區,121.3150,24.9943,0.5,3.5,17,42.5,43.5,43.5,43.5,局屬無人測站,2019-05-01 07:40:00
C0C540,大園,桃園市,大園區,121.2178,25.0494,0.5,5.5,14.5,57.5,65,65,64,局屬無人測站,2019-05-01 07:40:00
C0AH50,林口,新北市,林口區,121.3726,25.0740,0,3.5,12,43.5,46.5,46.5,46.5,局屬無人測站,2019-05-01 07:40:00
C0A570,桶後,新北市,烏來區,121.5896,24.8501,1.5,4,23.5,25.5,27.5,27.5,25.5,局屬無人測站,2019-05-01 07:40:00
C0A520,山佳,新北市,樹林區,121.3938,24.9767,0,3,20.5,36,36.5,36.5,36.5,局屬無人測站,2019-05-01 07:40:00
C0AC80,文山,臺北市,文山區,121.5675,25.0041,0,4,21.5,35.5,35.5,0,35.5,局屬無人測站,2019-05-01 07:40:00
C0A650,火燒寮,新北市,平溪區,121.7346,25.0044,1,4,22.5,32.5,34.5,43,32.5,局屬無人測站,2019-05-01 07:40:00
C0A640,石碇,新北市,石碇區,121.6546,24.9958,0,4,23,34.5,36.5,41,34.5,局屬無人測站,2019-05-01 07:40:00
C0AG90,中和,新北市,中和區,121.4822,24.9945,2,12.5,34.5,45.5,45.5,0,45.5,局屬無人測站,2019-05-01 07:40:00
C0ACA0,新莊,新北市,新莊區,121.4385,25.0533,1,5,16,37.5,39.5,39.5,39.5,局屬無人測站,2019-05-01 07:40:00
C0A660,瑞芳,新北市,瑞芳區,121.7926,25.1149,0.5,7,38.5,52,52.5,68,52.5,局屬無人測站,2019-05-01 07:40:00
C1AC50,關渡,臺北市,北投區,121.4612,25.1353,0,2,10.5,38,41.5,41.5,41.5,局屬無人測站,2019-05-01 07:40:00
C1A730,公館,臺北市,大安區,121.5313,25.0162,0.5,5,17,29,29,29,29,局屬無人測站,2019-05-01 07:40:00
A0W100,九宮碼頭,金門縣,烈嶼鄉,118.2556,24.4274,0,0,0,0,0,0,0,中央氣象局,2019-05-01 07:40:00
A2K570,古坑,雲林縣,古坑鄉,120.5443,23.6353,0,0,0,2,3.5,3.5,3.5,中央氣象局,2019-05-01 07:40:00
467050,新屋,桃園市,新屋區,121.0393,25.0085,0,2.5,5,50,61.1,61.1,58.5,中央氣象局,2019-05-01 07:40:00
A0K420,麥寮,雲林縣,麥寮鄉,120.2096,23.8005,0,3,3,3,3,3,3,中央氣象局,2019-05-01 07:40:00
467990,馬祖,連江縣,南竿鄉,119.9151,26.1710,0,0,0.5,4.5,17,31,5,中央氣象局,2019-05-01 07:40:00
467110,金門,金門縣,金城鎮,118.2811,24.4089,0,0,0,0,0,0.5,0,中央氣象局,2019-05-01 07:40:00
A0W080,吉貝,澎湖縣,白沙鄉,119.5960,23.7417,0,0,0,0,0,0,0,中央氣象局,2019-05-01 07:40:00
A0G720,彰師大,彰化縣,彰化市,120.5485,24.0831,0,2,53,53.5,55.5,55.5,55.5,中央氣象局,2019-05-01 07:40:00
466920,臺北,臺北市,中正區,121.5067,25.0394,0.5,6.5,20.5,34.5,35,35,35,中央氣象局,2019-05-01 07:40:00
A0A9M0,新店,新北市,新店區,121.5165,24.9608,0,4,19,32,32,32,32,中央氣象局,2019-05-01 07:40:00
D2F230,武陵,臺中市,和平區,121.3518,24.3818,0.5,7.5,19.5,21.5,21.5,21.5,21.5,中央氣象局,2019-05-01 07:40:00
A0C540,拉拉山,桃園市,復興區,121.3957,24.6921,0.5,5,26,27,27,27,27,中央氣象局,2019-05-01 07:40:00
467420,永康,臺南市,永康區,120.2286,23.0401,0,0,0,3.5,37,37,37,中央氣象局,2019-05-01 07:40:00
468100,東沙島,高雄市,旗津區,116.7220,20.7024,0,0,0,6,7,7,7,中央氣象局,2019-05-01 07:40:00
467300,東吉島,澎湖縣,望安鄉,119.6594,23.2587,0,0,0,0,0,0,0,中央氣象局,2019-05-01 07:40:00
466950,彭佳嶼,基隆市,中正區,122.0715,25.6298,2,3.5,13.5,34.5,45,45,45,中央氣象局,2019-05-01 07:40:00
467620,蘭嶼,臺東縣,蘭嶼鄉,121.5503,22.0388,0,0,0,0,0,0,0,中央氣象局,2019-05-01 07:40:00
467540,大武,臺東縣,大武鄉,120.8957,22.3574,0,0,1.5,2.5,2.5,2.5,2.5,中央氣象局,2019-05-01 07:40:00
467660,臺東,臺東縣,臺東市,121.1465,22.7540,0,0,0,1.5,1.5,1.5,1.5,中央氣象局,2019-05-01 07:40:00
467610,成功,臺東縣,成功鎮,121.3653,23.0993,0,0,0,0.5,0.5,0.5,0.5,中央氣象局,2019-05-01 07:40:00
466990,花蓮,花蓮縣,花蓮市,121.6051,23.9769,2,4,5,5,5,5,5,中央氣象局,2019-05-01 07:40:00
467060,蘇澳,宜蘭縣,蘇澳鎮,121.8492,24.5986,1,17.5,25,25,25,25,25,中央氣象局,2019-05-01 07:40:00
467080,宜蘭,宜蘭縣,宜蘭市,121.7483,24.7658,0,2.5,16,16.5,16.5,29,16.5,中央氣象局,2019-05-01 07:40:00
467590,恆春,屏東縣,恆春鎮,120.7383,22.0057,0.5,0.5,7,7,7,7,7,中央氣象局,2019-05-01 07:40:00
467440,高雄,高雄市,前鎮區,120.3077,22.5677,0,0,0.5,22.5,22.7,22.7,22.5,中央氣象局,2019-05-01 07:40:00
467410,臺南,臺南市,中西區,120.1967,22.9950,0,0,0.5,5.5,26.5,26.5,26.5,中央氣象局,2019-05-01 07:40:00
467480,嘉義,嘉義市,西區,120.4248,23.4977,0,1,15.5,17.5,17.5,17.5,17.5,中央氣象局,2019-05-01 07:40:00
467550,玉山,南投縣,信義鄉,120.9514,23.4894,0.5,4.5,6,24,24,25.5,24,中央氣象局,2019-05-01 07:40:00
467530,阿里山,嘉義縣,阿里山鄉,120.8051,23.5100,3.5,8.5,10,34,34,36.5,34,中央氣象局,2019-05-01 07:40:00
467650,日月潭,南投縣,魚池鄉,120.8999,23.8831,2.5,16.5,16.5,24.5,25.5,25.5,25.5,中央氣象局,2019-05-01 07:40:00
467350,澎湖,澎湖縣,馬公市,119.5550,23.5672,0,0,0,0,0,0,0,中央氣象局,2019-05-01 07:40:00
467770,梧棲,臺中市,梧棲區,120.5152,24.2578,0,0,51,55.5,55.5,56.5,55.5,中央氣象局,2019-05-01 07:40:00
467490,臺中,臺中市,北區,120.6759,24.1475,0,20,59.5,64,67,67,67,中央氣象局,2019-05-01 07:40:00
467571,新竹,新竹縣,竹北市,121.0060,24.8296,0,0.5,9.5,63.5,65,65,64.5,中央氣象局,2019-05-01 07:40:00
466910,鞍部,臺北市,北投區,121.5215,25.1844,0,2.5,14.5,55.5,61,61,61,中央氣象局,2019-05-01 07:40:00
466930,陽明山,臺北市,北投區,121.5363,25.1639,0,2,17.5,45.5,49.5,49.5,49.5,中央氣象局,2019-05-01 07:40:00
466880,板橋,新北市,板橋區,121.4338,24.9994,1,5.5,19.5,34,34.5,34.5,34.5,中央氣象局,2019-05-01 07:40:00
466900,淡水,新北市,淡水區,121.4407,25.1667,0,2.5,0,0,0,0,53.5,中央氣象局,2019-05-01 07:40:00
466940,基隆,基隆市,仁愛區,121.7323,25.1351,1.5,6.5,34,46.5,47,65.5,47,中央氣象局,2019-05-01 07:40:00
C1I230,九份二山,南投縣,國姓鄉,120.8369,23.9637,6,19,20,24.5,25.5,25.5,25.5,局屬無人測站,2019-05-01 07:40:00
O1T840,花蓮,花蓮縣,花蓮市,121.5978,23.9747,1,3,3,3,3,3,3,水利署第9河川局,2019-05-01 07:30:00
01D190,鳥嘴山,新竹縣,尖石鄉,121.2755,24.7210,0,4,32,33,33,33,33,水利署第2河川局,2019-05-01 07:30:00
01D100,太閣南,新竹縣,五峰鄉,121.1399,24.6271,0,3,49,49,49,49,49,水利署第2河川局,2019-05-01 07:30:00
O1R630,崁頂,屏東縣,崁頂鄉,120.5030,22.5150,0,0,1,33,33,33,33,水利署第7河川局,2019-05-01 07:30:00
O1I360,楠溪,南投縣,信義鄉,120.8998,23.4746,3,8,9,23,23,23,23,水利署第7河川局,2019-05-01 07:30:00
O1M650,外來吉,嘉義縣,阿里山鄉,120.7318,23.5314,0,3,3,21,21,22,21,水利署第4河川局,2019-05-01 07:30:00
O1M640,豐山,嘉義縣,阿里山鄉,120.7386,23.5764,0,6,6,20,20,22,20,水利署第4河川局,2019-05-01 07:30:00
O1AH30,吉林國小,新北市,貢寮區,121.8793,24.9877,0,1,16,26,28,30,27,水利署第1河川局,2019-05-01 07:30:00
O1AH20,上林國小,新北市,雙溪區,121.8243,25.0312,1,0,24,31,32,38,31,水利署第1河川局,2019-05-01 07:30:00
O1V820,圓富國中,高雄市,旗山區,120.5010,22.9283,0,0,6,8,8,8,8,水利署第7河川局,2019-05-01 07:30:00
O1V810,溝坪,高雄市,內門區,120.5009,22.9924,0,0,0,5,5,5,5,水利署第7河川局,2019-05-01 07:30:00
O1V550,多納(1),高雄市,茂林區,120.7080,22.9120,0,1,4,6,6,6,6,水利署第7河川局,2019-05-01 07:30:00
O1V540,高中(2),高雄市,六龜區,120.7107,23.1321,0,0,7,20,20,20,20,水利署第7河川局,2019-05-01 07:30:00
O1V520,民權,高雄市,那瑪夏區,120.6886,23.2421,0,0,1,7,7,7,7,水利署第7河川局,2019-05-01 07:30:00
O1V510,寶山,高雄市,桃源區,120.7008,23.0384,0,0,1,28,28,29,28,水利署第7河川局,2019-05-01 07:30:00
O1T820,太平國小,花蓮縣,卓溪鄉,121.3120,23.4075,0,0,0,0,0,0,0,水利署第9河川局,2019-05-01 07:30:00
O1T810,卓清國小,花蓮縣,卓溪鄉,121.2639,23.2802,0,0,0,0,0,0,0,水利署第9河川局,2019-05-01 07:30:00
O1T800,奇美國小,花蓮縣,瑞穗鄉,121.4378,23.4987,0,0,0,0,0,0,0,水利署第9河川局,2019-05-01 07:30:00
O1S690,神山,屏東縣,霧臺鄉,120.7202,22.7508,0,0,8,14,14,14,14,水利署第7河川局,2019-05-01 07:30:00
O1S680,金針山,臺東縣,金峰鄉,120.9445,22.6446,0,0,0,1,1,1,1,水利署第8河川局,2019-05-01 07:30:00
O1S660,賓茂國小,臺東縣,太麻里鄉,120.9463,22.5342,0,0,0,2,2,2,2,水利署第8河川局,2019-05-01 07:30:00
O1S650,利吉國小,臺東縣,卑南鄉,121.1309,22.8405,0,0,0,1,1,1,1,水利署第8河川局,2019-05-01 07:30:00
O1R620,新庄國小,屏東縣,萬丹鄉,120.4803,22.5619,0,0,1,32,32,32,32,水利署第7河川局,2019-05-01 07:30:00
O1N1A0,大竹坑,臺南市,南化區,120.5689,23.1435,0,0,9,24,24,24,24,水利署第6河川局,2019-05-01 07:30:00
O1D590,成德中學,新竹市,北區,120.9445,24.7916,0,1,12,66,68,68,68,水利署第2河川局,2019-05-01 07:30:00
O1D580,內湖國小,新竹市,香山區,120.8987,24.7439,0,1,16,39,40,40,40,水利署第2河川局,2019-05-01 07:30:00
O1D570,新城國小,新竹縣,寶山鄉,120.9592,24.7352,0,4,39,61,61,61,61,水利署第2河川局,2019-05-01 07:30:00
01W010,望安,澎湖縣,望安鄉,119.4925,23.3626,0,0,0,0,0,0,0,水利署第6河川局,2019-05-01 07:30:00
01V070,天池,高雄市,桃源區,120.9088,23.2794,0,1,6,13,13,13,13,水利署第7河川局,2019-05-01 07:30:00
01V060,梅山(2),高雄市,桃源區,120.8168,23.2673,0,0,3,11,11,11,11,水利署第7河川局,2019-05-01 07:30:00
01V040,六龜(4),高雄市,六龜區,120.6255,22.9996,0,0,0,17,17,17,17,水利署第7河川局,2019-05-01 07:30:00
01U790,清水,宜蘭縣,大同鄉,121.6291,24.6167,1,8,15,17,17,17,17,水利署第1河川局,2019-05-01 07:30:00
01U780,四季,宜蘭縣,大同鄉,121.4180,24.4902,2,5,9,9,9,9,9,水利署第1河川局,2019-05-01 07:30:00
01U560,太平山(1,宜蘭縣,大同鄉,121.5283,24.4963,1,5,10,10,10,10,10,水利署第1河川局,2019-05-01 07:30:00
01U470,武塔,宜蘭縣,南澳鄉,121.7691,24.4513,1,6,7,7,7,7,7,水利署第1河川局,2019-05-01 07:30:00
01U460,五峰,宜蘭縣,礁溪鄉,121.7403,24.8318,0,3,25,26,26,34,26,水利署第1河川局,2019-05-01 07:30:00
01U450,樟林,宜蘭縣,南澳鄉,121.7412,24.4277,1,5,7,7,7,7,7,水利署第1河川局,2019-05-01 07:30:00
01U230,大濁水,宜蘭縣,南澳鄉,121.7314,24.3312,1,0,6,6,10,10,6,水利署第1河川局,2019-05-01 07:30:00
01U190,新北城,宜蘭縣,冬山鄉,121.7406,24.6827,2,7,16,16,16,16,16,水利署第1河川局,2019-05-01 07:30:00
01U130,冬山,宜蘭縣,冬山鄉,121.7758,24.6375,2,10,16,16,16,16,16,水利署第1河川局,2019-05-01 07:30:00
01U120,新寮(1),宜蘭縣,冬山鄉,121.7438,24.6268,1,9,16,16,16,16,16,水利署第1河川局,2019-05-01 07:30:00
01U080,南山,宜蘭縣,大同鄉,121.3712,24.4389,1,5,7,7,7,7,7,水利署第1河川局,2019-05-01 07:30:00
01U070,留茂安,宜蘭縣,大同鄉,121.4431,24.5336,2,9,13,13,13,13,13,水利署第1河川局,2019-05-01 07:30:00
01U060,梵梵(2),宜蘭縣,大同鄉,121.5174,24.6149,1,9,16,16,16,16,16,水利署第1河川局,2019-05-01 07:30:00
01U050,土場(1),宜蘭縣,大同鄉,121.4883,24.5747,0,7,12,12,12,12,12,水利署第1河川局,2019-05-01 07:30:00
01T9L0,東富,花蓮縣,光復鄉,121.4740,23.6866,0,0,0,0,0,0,0,水利署第9河川局,2019-05-01 07:30:00
01T9J0,六十石山,花蓮縣,富里鄉,121.3149,23.2193,0,0,0,0,0,0,0,水利署第9河川局,2019-05-01 07:30:00
01T730,豐濱,花蓮縣,豐濱鄉,121.5124,23.6042,0,0,0,0,0,0,0,水利署第9河川局,2019-05-01 07:30:00
01T720,明里,花蓮縣,富里鄉,121.2436,23.2041,0,0,0,0,0,0,0,水利署第9河川局,2019-05-01 07:30:00
01T670,新東礦,花蓮縣,萬榮鄉,121.3953,23.8166,1,0,1,1,1,1,1,水利署第9河川局,2019-05-01 07:30:00
01T660,馬太安,花蓮縣,萬榮鄉,121.3638,23.6745,0,0,0,0,0,0,0,水利署第9河川局,2019-05-01 07:30:00
01T560,西林,花蓮縣,萬榮鄉,121.4239,23.8210,0,0,0,0,0,0,0,水利署第9河川局,2019-05-01 07:30:00
01T500,北埔,花蓮縣,新城鄉,121.5963,24.0389,1,0,3,3,3,3,3,水利署第9河川局,2019-05-01 07:30:00
01T230,立山,花蓮縣,卓溪鄉,121.3045,23.4319,0,0,0,0,0,0,0,水利署第9河川局,2019-05-01 07:30:00
01T220,卓麓(4),花蓮縣,卓溪鄉,121.2595,23.2978,0,0,0,0,0,0,0,水利署第9河川局,2019-05-01 07:30:00
01S870,北源,臺東縣,東河鄉,121.2929,23.0393,0,0,0,0,0,0,0,水利署第8河川局,2019-05-01 07:30:00
01S860,電光,臺東縣,關山鎮,121.1652,23.0080,0,0,0,0,0,0,0,水利署第8河川局,2019-05-01 07:30:00
01S610,台東(7),臺東縣,臺東市,121.1506,22.7553,0,0,0,1,1,1,1,水利署第8河川局,2019-05-01 07:30:00
01S570,上里,臺東縣,延平鄉,121.0490,22.8790,0,0,0,0,0,0,0,水利署第8河川局,2019-05-01 07:30:00
01S560,南鵝,臺東縣,卑南鄉,121.0163,22.7680,0,0,0,0,0,0,0,水利署第8河川局,2019-05-01 07:30:00
